periodo,empresa_sbs,estado_p009_p010
2020-01,AVLA Perú,ambas
2020-01,Cardif,ambas
2020-01,Chubb Seguros,ambas
2020-01,Coface Seguros,ambas
2020-01,Crecer Seguros,ambas
2020-01,Insur,ambas
2020-01,Interseguro,ambas
2020-01,La Positiva,ambas
2020-01,La Positiva Vida,ambas
2020-01,Liberty Seguros,ambas
2020-01,Mapfre Perú,ambas
2020-01,Mapfre Perú Vida,ambas
2020-01,Ohio National Vida,ambas
2020-01,Pacífico Seguros,ambas
2020-01,Protecta,ambas
2020-01,Qualitas,ambas
2020-01,Rigel,ambas
2020-01,Rímac,ambas
2020-01,Secrex,ambas
2020-01,Vida Cámara,ambas
2020-02,AVLA Perú,ambas
2020-02,Cardif,ambas
2020-02,Chubb Seguros,ambas
2020-02,Coface Seguros,ambas
2020-02,Crecer Seguros,ambas
2020-02,Insur,ambas
2020-02,Interseguro,ambas
2020-02,La Positiva,ambas
2020-02,La Positiva Vida,ambas
2020-02,Liberty Seguros,ambas
2020-02,Mapfre Perú,ambas
2020-02,Mapfre Perú Vida,ambas
2020-02,Ohio National Vida,ambas
2020-02,Pacífico Seguros,ambas
2020-02,Protecta,ambas
2020-02,Qualitas,ambas
2020-02,Rigel,ambas
2020-02,Rímac,ambas
2020-02,Secrex,ambas
2020-02,Vida Cámara,ambas
2020-03,AVLA Perú,ambas
2020-03,Cardif,ambas
2020-03,Chubb Seguros,ambas
2020-03,Coface Seguros,ambas
2020-03,Crecer Seguros,ambas
2020-03,Insur,ambas
2020-03,Interseguro,ambas
2020-03,La Positiva,ambas
2020-03,La Positiva Vida,ambas
2020-03,Liberty Seguros,ambas
2020-03,Mapfre Perú,ambas
2020-03,Mapfre Perú Vida,ambas
2020-03,Ohio National Vida,ambas
2020-03,Pacífico Seguros,ambas
2020-03,Protecta,ambas
2020-03,Qualitas,ambas
2020-03,Rigel,ambas
2020-03,Rímac,ambas
2020-03,Secrex,ambas
2020-03,Vida Cámara,ambas
2020-04,AVLA Perú,ambas
2020-04,Cardif,ambas
2020-04,Chubb Seguros,ambas
2020-04,Coface Seguros,ambas
2020-04,Crecer Seguros,ambas
2020-04,Insur,ambas
2020-04,Interseguro,ambas
2020-04,La Positiva,ambas
2020-04,La Positiva Vida,ambas
2020-04,Liberty Seguros,ambas
2020-04,Mapfre Perú,ambas
2020-04,Mapfre Perú Vida,ambas
2020-04,Ohio National Vida,ambas
2020-04,Pacífico Seguros,ambas
2020-04,Protecta,ambas
2020-04,Qualitas,ambas
2020-04,Rigel,ambas
2020-04,Rímac,ambas
2020-04,Secrex,ambas
2020-04,Vida Cámara,ambas
2020-05,AVLA Perú,ambas
2020-05,Cardif,ambas
2020-05,Chubb Seguros,ambas
2020-05,Coface Seguros,ambas
2020-05,Crecer Seguros,ambas
2020-05,Insur,ambas
2020-05,Interseguro,ambas
2020-05,La Positiva,ambas
2020-05,La Positiva Vida,ambas
2020-05,Liberty Seguros,ambas
2020-05,Mapfre Perú,ambas
2020-05,Mapfre Perú Vida,ambas
2020-05,Ohio National Vida,ambas
2020-05,Pacífico Seguros,ambas
2020-05,Protecta,ambas
2020-05,Qualitas,ambas
2020-05,Rigel,ambas
2020-05,Rímac,ambas
2020-05,Secrex,ambas
2020-05,Vida Cámara,ambas
2020-06,AVLA Perú,ambas
2020-06,Cardif,ambas
2020-06,Chubb Seguros,ambas
2020-06,Coface Seguros,ambas
2020-06,Crecer Seguros,ambas
2020-06,Insur,ambas
2020-06,Interseguro,ambas
2020-06,La Positiva,ambas
2020-06,La Positiva Vida,ambas
2020-06,Liberty Seguros,ambas
2020-06,Mapfre Perú,ambas
2020-06,Mapfre Perú Vida,ambas
2020-06,Ohio National Vida,ambas
2020-06,Pacífico Seguros,ambas
2020-06,Protecta,ambas
2020-06,Qualitas,ambas
2020-06,Rigel,ambas
2020-06,Rímac,ambas
2020-06,Secrex,ambas
2020-06,Vida Cámara,ambas
2020-07,AVLA Perú,ambas
2020-07,Cardif,ambas
2020-07,Chubb Seguros,ambas
2020-07,Coface Seguros,ambas
2020-07,Crecer Seguros,ambas
2020-07,Insur,ambas
2020-07,Interseguro,ambas
2020-07,La Positiva,ambas
2020-07,La Positiva Vida,ambas
2020-07,Liberty Seguros,ambas
2020-07,Mapfre Perú,ambas
2020-07,Mapfre Perú Vida,ambas
2020-07,Ohio National Vida,ambas
2020-07,Pacífico Seguros,ambas
2020-07,Protecta,ambas
2020-07,Qualitas,ambas
2020-07,Rigel,ambas
2020-07,Rímac,ambas
2020-07,Secrex,ambas
2020-07,Vida Cámara,ambas
2020-08,AVLA Perú,ambas
2020-08,Cardif,ambas
2020-08,Chubb Seguros,ambas
2020-08,Coface Seguros,ambas
2020-08,Crecer Seguros,ambas
2020-08,Insur,ambas
2020-08,Interseguro,ambas
2020-08,La Positiva,ambas
2020-08,La Positiva Vida,ambas
2020-08,Liberty Seguros,ambas
2020-08,Mapfre Perú,ambas
2020-08,Mapfre Perú Vida,ambas
2020-08,Ohio National Vida,ambas
2020-08,Pacífico Seguros,ambas
2020-08,Protecta,ambas
2020-08,Qualitas,ambas
2020-08,Rigel,ambas
2020-08,Rímac,ambas
2020-08,Secrex,ambas
2020-08,Vida Cámara,ambas
2020-09,AVLA Perú,ambas
2020-09,Cardif,ambas
2020-09,Chubb Seguros,ambas
2020-09,Coface Seguros,ambas
2020-09,Crecer Seguros,ambas
2020-09,Insur,ambas
2020-09,Interseguro,ambas
2020-09,La Positiva,ambas
2020-09,La Positiva Vida,ambas
2020-09,Liberty Seguros,ambas
2020-09,Mapfre Perú,ambas
2020-09,Mapfre Perú Vida,ambas
2020-09,Ohio National Vida,ambas
2020-09,Pacífico Seguros,ambas
2020-09,Protecta,ambas
2020-09,Qualitas,ambas
2020-09,Rigel,ambas
2020-09,Rímac,ambas
2020-09,Secrex,ambas
2020-09,Vida Cámara,ambas
2020-10,AVLA Perú,ambas
2020-10,Cardif,ambas
2020-10,Chubb Seguros,ambas
2020-10,Coface Seguros,ambas
2020-10,Crecer Seguros,ambas
2020-10,Insur,ambas
2020-10,Interseguro,ambas
2020-10,La Positiva,ambas
2020-10,La Positiva Vida,ambas
2020-10,Liberty Seguros,ambas
2020-10,Mapfre Perú,ambas
2020-10,Mapfre Perú Vida,ambas
2020-10,Ohio National Vida,ambas
2020-10,Pacífico Seguros,ambas
2020-10,Protecta,ambas
2020-10,Qualitas,ambas
2020-10,Rigel,ambas
2020-10,Rímac,ambas
2020-10,Secrex,ambas
2020-10,Vida Cámara,ambas
2020-11,AVLA Perú,ambas
2020-11,Cardif,ambas
2020-11,Chubb Seguros,ambas
2020-11,Coface Seguros,ambas
2020-11,Crecer Seguros,ambas
2020-11,Insur,ambas
2020-11,Interseguro,ambas
2020-11,La Positiva,ambas
2020-11,La Positiva Vida,ambas
2020-11,Liberty Seguros,ambas
2020-11,Mapfre Perú,ambas
2020-11,Mapfre Perú Vida,ambas
2020-11,Ohio National Vida,ambas
2020-11,Pacífico Seguros,ambas
2020-11,Protecta,ambas
2020-11,Qualitas,ambas
2020-11,Rigel,ambas
2020-11,Rímac,ambas
2020-11,Secrex,ambas
2020-11,Vida Cámara,ambas
2020-12,AVLA Perú,ambas
2020-12,Cardif,ambas
2020-12,Chubb Seguros,ambas
2020-12,Coface Seguros,ambas
2020-12,Crecer Seguros,ambas
2020-12,Insur,ambas
2020-12,Interseguro,ambas
2020-12,La Positiva,ambas
2020-12,La Positiva Vida,ambas
2020-12,Liberty Seguros,ambas
2020-12,Mapfre Perú,ambas
2020-12,Mapfre Perú Vida,ambas
2020-12,Ohio National Vida,ambas
2020-12,Pacífico Seguros,ambas
2020-12,Protecta,ambas
2020-12,Qualitas,ambas
2020-12,Rigel,ambas
2020-12,Rímac,ambas
2020-12,Secrex,ambas
2020-12,Vida Cámara,ambas
2021-01,AVLA Perú,ambas
2021-01,Cardif,ambas
2021-01,Chubb Seguros,ambas
2021-01,Crecer Seguros,ambas
2021-01,Insur,ambas
2021-01,Interseguro,ambas
2021-01,La Positiva,ambas
2021-01,La Positiva Vida,ambas
2021-01,Liberty Seguros,ambas
2021-01,Mapfre Perú,ambas
2021-01,Mapfre Perú Vida,ambas
2021-01,Ohio National Vida,ambas
2021-01,Pacífico Seguros,ambas
2021-01,Protecta,ambas
2021-01,Qualitas,ambas
2021-01,Rímac,ambas
2021-01,Secrex,ambas
2021-01,Vivir Seguros,ambas
2021-02,AVLA Perú,ambas
2021-02,Cardif,ambas
2021-02,Chubb Seguros,ambas
2021-02,Crecer Seguros,ambas
2021-02,Insur,ambas
2021-02,Interseguro,ambas
2021-02,La Positiva,ambas
2021-02,La Positiva Vida,ambas
2021-02,Liberty Seguros,ambas
2021-02,Mapfre Perú,ambas
2021-02,Mapfre Perú Vida,ambas
2021-02,Ohio National Vida,ambas
2021-02,Pacífico Seguros,ambas
2021-02,Protecta,ambas
2021-02,Qualitas,ambas
2021-02,Rímac,ambas
2021-02,Secrex,ambas
2021-02,Vivir Seguros,ambas
2021-03,AVLA Perú,ambas
2021-03,Cardif,ambas
2021-03,Chubb Seguros,ambas
2021-03,Crecer Seguros,ambas
2021-03,Insur,ambas
2021-03,Interseguro,ambas
2021-03,La Positiva,ambas
2021-03,La Positiva Vida,ambas
2021-03,Liberty Seguros,ambas
2021-03,Mapfre Perú,ambas
2021-03,Mapfre Perú Vida,ambas
2021-03,Ohio National Vida,ambas
2021-03,Pacífico Seguros,ambas
2021-03,Protecta,ambas
2021-03,Qualitas,ambas
2021-03,Rímac,ambas
2021-03,Secrex,ambas
2021-03,Vivir Seguros,ambas
2021-04,AVLA Perú,ambas
2021-04,Cardif,ambas
2021-04,Chubb Seguros,ambas
2021-04,Crecer Seguros,ambas
2021-04,Insur,ambas
2021-04,Interseguro,ambas
2021-04,La Positiva,ambas
2021-04,La Positiva Vida,ambas
2021-04,Liberty Seguros,ambas
2021-04,Mapfre Perú,ambas
2021-04,Mapfre Perú Vida,ambas
2021-04,Ohio National Vida,ambas
2021-04,Pacífico Seguros,ambas
2021-04,Protecta,ambas
2021-04,Qualitas,ambas
2021-04,Rímac,ambas
2021-04,Secrex,ambas
2021-04,Vivir Seguros,ambas
2021-05,AVLA Perú,ambas
2021-05,Cardif,ambas
2021-05,Chubb Seguros,ambas
2021-05,Crecer Seguros,ambas
2021-05,Insur,ambas
2021-05,Interseguro,ambas
2021-05,La Positiva,ambas
2021-05,La Positiva Vida,ambas
2021-05,Liberty Seguros,ambas
2021-05,Mapfre Perú,ambas
2021-05,Mapfre Perú Vida,ambas
2021-05,Ohio National Vida,ambas
2021-05,Pacífico Seguros,ambas
2021-05,Protecta,ambas
2021-05,Qualitas,ambas
2021-05,Rímac,ambas
2021-05,Secrex,ambas
2021-05,Vivir Seguros,ambas
2021-06,AVLA Perú,ambas
2021-06,Cardif,ambas
2021-06,Chubb Seguros,ambas
2021-06,Crecer Seguros,ambas
2021-06,Insur,ambas
2021-06,Interseguro,ambas
2021-06,La Positiva,ambas
2021-06,La Positiva Vida,ambas
2021-06,Liberty Seguros,ambas
2021-06,Mapfre Perú,ambas
2021-06,Mapfre Perú Vida,ambas
2021-06,Ohio National Vida,ambas
2021-06,Pacífico Seguros,ambas
2021-06,Protecta,ambas
2021-06,Qualitas,ambas
2021-06,Rímac,ambas
2021-06,Secrex,ambas
2021-06,Vivir Seguros,ambas
2021-07,AVLA Perú,ambas
2021-07,Cardif,ambas
2021-07,Chubb Seguros,ambas
2021-07,Crecer Seguros,ambas
2021-07,Insur,ambas
2021-07,Interseguro,ambas
2021-07,La Positiva,ambas
2021-07,La Positiva Vida,ambas
2021-07,Liberty Seguros,ambas
2021-07,Mapfre Perú,ambas
2021-07,Mapfre Perú Vida,ambas
2021-07,Ohio National Vida,ambas
2021-07,Pacífico Seguros,ambas
2021-07,Protecta,ambas
2021-07,Qualitas,ambas
2021-07,Rímac,ambas
2021-07,Secrex,ambas
2021-07,Vivir Seguros,ambas
2021-08,AVLA Perú,ambas
2021-08,Cardif,ambas
2021-08,Chubb Seguros,ambas
2021-08,Crecer Seguros,ambas
2021-08,Insur,ambas
2021-08,Interseguro,ambas
2021-08,La Positiva,ambas
2021-08,La Positiva Vida,ambas
2021-08,Liberty Seguros,ambas
2021-08,Mapfre Perú,ambas
2021-08,Mapfre Perú Vida,ambas
2021-08,Ohio National Vida,ambas
2021-08,Pacífico Seguros,ambas
2021-08,Protecta,ambas
2021-08,Qualitas,ambas
2021-08,Rímac,ambas
2021-08,Secrex,ambas
2021-08,Vivir Seguros,ambas
2021-09,AVLA Perú,ambas
2021-09,Cardif,ambas
2021-09,Chubb Seguros,ambas
2021-09,Crecer Seguros,ambas
2021-09,Insur,ambas
2021-09,Interseguro,ambas
2021-09,La Positiva,ambas
2021-09,La Positiva Vida,ambas
2021-09,Liberty Seguros,ambas
2021-09,Mapfre Perú,ambas
2021-09,Mapfre Perú Vida,ambas
2021-09,Ohio National Vida,ambas
2021-09,Pacífico Seguros,ambas
2021-09,Protecta,ambas
2021-09,Qualitas,ambas
2021-09,Rímac,ambas
2021-09,Secrex,ambas
2021-09,Vivir Seguros,ambas
2021-10,AVLA Perú,ambas
2021-10,Cardif,ambas
2021-10,Chubb Seguros,ambas
2021-10,Crecer Seguros,ambas
2021-10,Insur,ambas
2021-10,Interseguro,ambas
2021-10,La Positiva,ambas
2021-10,La Positiva Vida,ambas
2021-10,Liberty Seguros,ambas
2021-10,Mapfre Perú,ambas
2021-10,Mapfre Perú Vida,ambas
2021-10,Ohio National Vida,ambas
2021-10,Pacífico Seguros,ambas
2021-10,Protecta,ambas
2021-10,Qualitas,ambas
2021-10,Rímac,ambas
2021-10,Secrex,ambas
2021-10,Vivir Seguros,ambas
2021-11,AVLA Perú,ambas
2021-11,Cardif,ambas
2021-11,Chubb Seguros,ambas
2021-11,Crecer Seguros,ambas
2021-11,Insur,ambas
2021-11,Interseguro,ambas
2021-11,La Positiva,ambas
2021-11,La Positiva Vida,ambas
2021-11,Liberty Seguros,ambas
2021-11,Mapfre Perú,ambas
2021-11,Mapfre Perú Vida,ambas
2021-11,Ohio National Vida,ambas
2021-11,Pacífico Seguros,ambas
2021-11,Protecta,ambas
2021-11,Qualitas,ambas
2021-11,Rímac,ambas
2021-11,Secrex,ambas
2021-11,Vivir Seguros,ambas
2021-12,AVLA Perú,ambas
2021-12,Cardif,ambas
2021-12,Chubb Seguros,ambas
2021-12,Crecer Seguros,ambas
2021-12,Insur,ambas
2021-12,Interseguro,ambas
2021-12,La Positiva,ambas
2021-12,La Positiva Vida,ambas
2021-12,Liberty Seguros,ambas
2021-12,Mapfre Perú,ambas
2021-12,Mapfre Perú Vida,ambas
2021-12,Ohio National Vida,ambas
2021-12,Pacífico Seguros,ambas
2021-12,Protecta,ambas
2021-12,Qualitas,ambas
2021-12,Rímac,ambas
2021-12,Secrex,ambas
2021-12,Vivir Seguros,ambas
2022-01,AVLA Perú,ambas
2022-01,Cardif,ambas
2022-01,Chubb Seguros,ambas
2022-01,Crecer Seguros,ambas
2022-01,Insur,ambas
2022-01,Interseguro,ambas
2022-01,La Positiva,ambas
2022-01,La Positiva Vida,ambas
2022-01,Liberty Seguros,ambas
2022-01,Mapfre Perú,ambas
2022-01,Mapfre Perú Vida,ambas
2022-01,Ohio National Vida,ambas
2022-01,Pacífico Seguros,ambas
2022-01,Protecta,ambas
2022-01,Qualitas,ambas
2022-01,Rímac,ambas
2022-01,Secrex,ambas
2022-01,Vivir Seguros,ambas
2022-02,AVLA Perú,ambas
2022-02,Cardif,ambas
2022-02,Chubb Seguros,ambas
2022-02,Crecer Seguros,ambas
2022-02,Insur,ambas
2022-02,Interseguro,ambas
2022-02,La Positiva,ambas
2022-02,La Positiva Vida,ambas
2022-02,Liberty Seguros,ambas
2022-02,Mapfre Perú,ambas
2022-02,Mapfre Perú Vida,ambas
2022-02,Ohio National Vida,ambas
2022-02,Pacífico Seguros,ambas
2022-02,Protecta,ambas
2022-02,Qualitas,ambas
2022-02,Rímac,ambas
2022-02,Secrex,ambas
2022-02,Vivir Seguros,ambas
2022-03,AVLA Perú,ambas
2022-03,Cardif,ambas
2022-03,Chubb Seguros,ambas
2022-03,Crecer Seguros,ambas
2022-03,Insur,ambas
2022-03,Interseguro,ambas
2022-03,La Positiva,ambas
2022-03,La Positiva Vida,ambas
2022-03,Liberty Seguros,ambas
2022-03,Mapfre Perú,ambas
2022-03,Mapfre Perú Vida,ambas
2022-03,Ohio National Vida,ambas
2022-03,Pacífico Seguros,ambas
2022-03,Protecta,ambas
2022-03,Qualitas,ambas
2022-03,Rímac,ambas
2022-03,Secrex,ambas
2022-03,Vivir Seguros,ambas
2022-04,AVLA Perú,ambas
2022-04,Cardif,ambas
2022-04,Chubb Seguros,ambas
2022-04,Crecer Seguros,ambas
2022-04,Insur,ambas
2022-04,Interseguro,ambas
2022-04,La Positiva,ambas
2022-04,La Positiva Vida,ambas
2022-04,Liberty Seguros,ambas
2022-04,Mapfre Perú,ambas
2022-04,Mapfre Perú Vida,ambas
2022-04,Ohio National Vida,ambas
2022-04,Pacífico Seguros,ambas
2022-04,Protecta,ambas
2022-04,Qualitas,ambas
2022-04,Rímac,ambas
2022-04,Secrex,ambas
2022-04,Vivir Seguros,ambas
2022-05,AVLA Perú,ambas
2022-05,Cardif,ambas
2022-05,Chubb Seguros,ambas
2022-05,Crecer Seguros,ambas
2022-05,Insur,ambas
2022-05,Interseguro,ambas
2022-05,La Positiva,ambas
2022-05,La Positiva Vida,ambas
2022-05,Liberty Seguros,ambas
2022-05,Mapfre Perú,ambas
2022-05,Mapfre Perú Vida,ambas
2022-05,Ohio National Vida,ambas
2022-05,Pacífico Seguros,ambas
2022-05,Protecta,ambas
2022-05,Qualitas,ambas
2022-05,Rímac,ambas
2022-05,Secrex,ambas
2022-05,Vivir Seguros,ambas
2022-06,AVLA Perú,ambas
2022-06,Cardif,ambas
2022-06,Chubb Seguros,ambas
2022-06,Crecer Seguros,ambas
2022-06,Insur,ambas
2022-06,Interseguro,ambas
2022-06,La Positiva,ambas
2022-06,La Positiva Vida,ambas
2022-06,Liberty Seguros,ambas
2022-06,Mapfre Perú,ambas
2022-06,Ohio National Vida,ambas
2022-06,Pacífico Seguros,ambas
2022-06,Protecta,ambas
2022-06,Qualitas,ambas
2022-06,Rímac,ambas
2022-06,Secrex,ambas
2022-06,Vivir Seguros,ambas
2022-07,AVLA Perú,ambas
2022-07,Cardif,ambas
2022-07,Chubb Seguros,ambas
2022-07,Crecer Seguros,ambas
2022-07,Insur,ambas
2022-07,Interseguro,ambas
2022-07,La Positiva,ambas
2022-07,La Positiva Vida,ambas
2022-07,Liberty Seguros,ambas
2022-07,Mapfre Perú,ambas
2022-07,Ohio National Vida,ambas
2022-07,Pacífico Seguros,ambas
2022-07,Protecta,ambas
2022-07,Qualitas,ambas
2022-07,Rímac,ambas
2022-07,Secrex,ambas
2022-07,Vivir Seguros,ambas
2022-08,AVLA Perú,ambas
2022-08,Cardif,ambas
2022-08,Chubb Seguros,ambas
2022-08,Crecer Seguros,ambas
2022-08,Insur,ambas
2022-08,Interseguro,ambas
2022-08,La Positiva,ambas
2022-08,La Positiva Vida,ambas
2022-08,Liberty Seguros,ambas
2022-08,Mapfre Perú,ambas
2022-08,Ohio National Vida,ambas
2022-08,Pacífico Seguros,ambas
2022-08,Protecta,ambas
2022-08,Qualitas,ambas
2022-08,Rímac,ambas
2022-08,Secrex,ambas
2022-08,Vivir Seguros,ambas
2022-09,AVLA Perú,ambas
2022-09,Cardif,ambas
2022-09,Chubb Seguros,ambas
2022-09,Crecer Seguros,ambas
2022-09,Insur,ambas
2022-09,Interseguro,ambas
2022-09,La Positiva,ambas
2022-09,La Positiva Vida,ambas
2022-09,Liberty Seguros,ambas
2022-09,Mapfre Perú,ambas
2022-09,Ohio National Vida,ambas
2022-09,Pacífico Seguros,ambas
2022-09,Protecta,ambas
2022-09,Qualitas,ambas
2022-09,Rímac,ambas
2022-09,Secrex,ambas
2022-09,Vivir Seguros,ambas
2022-10,AVLA Perú,ambas
2022-10,Cardif,ambas
2022-10,Chubb Seguros,ambas
2022-10,Crecer Seguros,ambas
2022-10,Insur,ambas
2022-10,Interseguro,ambas
2022-10,La Positiva,ambas
2022-10,La Positiva Vida,ambas
2022-10,Liberty Seguros,ambas
2022-10,Mapfre Perú,ambas
2022-10,Ohio National Vida,ambas
2022-10,Pacífico Seguros,ambas
2022-10,Protecta,ambas
2022-10,Qualitas,ambas
2022-10,Rímac,ambas
2022-10,Secrex,ambas
2022-10,Vivir Seguros,ambas
2022-11,AVLA Perú,ambas
2022-11,Cardif,ambas
2022-11,Chubb Seguros,ambas
2022-11,Crecer Seguros,ambas
2022-11,Insur,ambas
2022-11,Interseguro,ambas
2022-11,La Positiva,ambas
2022-11,La Positiva Vida,ambas
2022-11,Liberty Seguros,ambas
2022-11,Mapfre Perú,ambas
2022-11,Ohio National Vida,ambas
2022-11,Pacífico Seguros,ambas
2022-11,Protecta,ambas
2022-11,Qualitas,ambas
2022-11,Rímac,ambas
2022-11,Secrex,ambas
2022-11,Vivir Seguros,ambas
2022-12,AVLA Perú,ambas
2022-12,Cardif,ambas
2022-12,Chubb Seguros,ambas
2022-12,Crecer Seguros,ambas
2022-12,Insur,ambas
2022-12,Interseguro,ambas
2022-12,La Positiva,ambas
2022-12,La Positiva Vida,ambas
2022-12,Liberty Seguros,ambas
2022-12,Mapfre Perú,ambas
2022-12,Ohio National Vida,ambas
2022-12,Pacífico Seguros,ambas
2022-12,Protecta,ambas
2022-12,Qualitas,ambas
2022-12,Rímac,ambas
2022-12,Secrex,ambas
2022-12,Vivir Seguros,ambas
2023-01,AVLA Perú,ambas
2023-01,Cardif,ambas
2023-01,Chubb Seguros,ambas
2023-01,Crecer Seguros,ambas
2023-01,Insur,ambas
2023-01,Interseguro,ambas
2023-01,La Positiva,ambas
2023-01,La Positiva Vida,ambas
2023-01,Liberty Seguros,ambas
2023-01,Mapfre Perú,ambas
2023-01,Ohio National Vida,ambas
2023-01,Pacífico Seguros,ambas
2023-01,Protecta,ambas
2023-01,Qualitas,ambas
2023-01,Rímac,ambas
2023-01,Secrex,ambas
2023-01,Vivir Seguros,ambas
2023-02,AVLA Perú,ambas
2023-02,Cardif,ambas
2023-02,Chubb Seguros,ambas
2023-02,Crecer Seguros,ambas
2023-02,Insur,ambas
2023-02,Interseguro,ambas
2023-02,La Positiva,ambas
2023-02,La Positiva Vida,ambas
2023-02,Liberty Seguros,ambas
2023-02,Mapfre Perú,ambas
2023-02,Ohio National Vida,ambas
2023-02,Pacífico Seguros,ambas
2023-02,Protecta,ambas
2023-02,Qualitas,ambas
2023-02,Rímac,ambas
2023-02,Secrex,ambas
2023-02,Vivir Seguros,ambas
2023-03,AVLA Perú,ambas
2023-03,Cardif,ambas
2023-03,Chubb Seguros,ambas
2023-03,Crecer Seguros,ambas
2023-03,Insur,ambas
2023-03,Interseguro,ambas
2023-03,La Positiva,ambas
2023-03,La Positiva Vida,ambas
2023-03,Liberty Seguros,ambas
2023-03,Mapfre Perú,ambas
2023-03,Ohio National Vida,ambas
2023-03,Pacífico Seguros,ambas
2023-03,Protecta,ambas
2023-03,Qualitas,ambas
2023-03,Rímac,ambas
2023-03,Secrex,ambas
2023-03,Vivir Seguros,ambas
2023-04,AVLA Perú,ambas
2023-04,Cardif,ambas
2023-04,Chubb Seguros,ambas
2023-04,Crecer Seguros,ambas
2023-04,Insur,ambas
2023-04,Interseguro,ambas
2023-04,La Positiva,ambas
2023-04,La Positiva Vida,ambas
2023-04,Liberty Seguros,ambas
2023-04,Mapfre Perú,ambas
2023-04,Ohio National Vida,ambas
2023-04,Pacífico Seguros,ambas
2023-04,Protecta,ambas
2023-04,Qualitas,ambas
2023-04,Rímac,ambas
2023-04,Secrex,ambas
2023-04,Vivir Seguros,ambas
2023-05,AVLA Perú,ambas
2023-05,Cardif,ambas
2023-05,Chubb Seguros,ambas
2023-05,Crecer Seguros,ambas
2023-05,Insur,ambas
2023-05,Interseguro,ambas
2023-05,La Positiva,ambas
2023-05,La Positiva Vida,ambas
2023-05,Liberty Seguros,ambas
2023-05,Mapfre Perú,ambas
2023-05,Ohio National Vida,ambas
2023-05,Pacífico Seguros,ambas
2023-05,Protecta,ambas
2023-05,Qualitas,ambas
2023-05,Rímac,ambas
2023-05,Secrex,ambas
2023-05,Vivir Seguros,ambas
2023-06,AVLA Perú,ambas
2023-06,Cardif,ambas
2023-06,Chubb Seguros,ambas
2023-06,Crecer Seguros,ambas
2023-06,Insur,ambas
2023-06,Interseguro,ambas
2023-06,La Positiva,ambas
2023-06,La Positiva Vida,ambas
2023-06,Liberty Seguros,ambas
2023-06,Mapfre Perú,ambas
2023-06,Ohio National Vida,ambas
2023-06,Pacífico Seguros,ambas
2023-06,Protecta,ambas
2023-06,Qualitas,ambas
2023-06,Rímac,ambas
2023-06,Secrex,ambas
2023-06,Vivir Seguros,ambas
2023-07,AVLA Perú,ambas
2023-07,Cardif,ambas
2023-07,Chubb Seguros,ambas
2023-07,Crecer Seguros,ambas
2023-07,Insur,ambas
2023-07,Interseguro,ambas
2023-07,La Positiva,ambas
2023-07,La Positiva Vida,ambas
2023-07,Liberty Seguros,ambas
2023-07,Mapfre Perú,ambas
2023-07,Ohio National Vida,ambas
2023-07,Pacífico Seguros,ambas
2023-07,Protecta,ambas
2023-07,Qualitas,ambas
2023-07,Rímac,ambas
2023-07,Secrex,ambas
2023-07,Vivir Seguros,ambas
2023-08,AVLA Perú,ambas
2023-08,Cardif,ambas
2023-08,Chubb Seguros,ambas
2023-08,Crecer Seguros,ambas
2023-08,Insur,ambas
2023-08,Interseguro,ambas
2023-08,La Positiva,ambas
2023-08,La Positiva Vida,ambas
2023-08,Liberty Seguros,ambas
2023-08,Mapfre Perú,ambas
2023-08,Ohio National Vida,ambas
2023-08,Pacífico Seguros,ambas
2023-08,Protecta,ambas
2023-08,Qualitas,ambas
2023-08,Rímac,ambas
2023-08,Secrex,ambas
2023-08,Vivir Seguros,ambas
2023-09,AVLA Perú,ambas
2023-09,Cardif,ambas
2023-09,Chubb Seguros,ambas
2023-09,Crecer Seguros,ambas
2023-09,Insur,ambas
2023-09,Interseguro,ambas
2023-09,La Positiva,ambas
2023-09,La Positiva Vida,ambas
2023-09,Liberty Seguros,ambas
2023-09,Mapfre Perú,ambas
2023-09,Ohio National Vida,ambas
2023-09,Pacífico Seguros,ambas
2023-09,Protecta,ambas
2023-09,Qualitas,ambas
2023-09,Rímac,ambas
2023-09,Secrex,ambas
2023-09,Vivir Seguros,ambas
2023-10,AVLA Perú,ambas
2023-10,Cardif,ambas
2023-10,Chubb Seguros,ambas
2023-10,Crecer Seguros,ambas
2023-10,Insur,ambas
2023-10,Interseguro,ambas
2023-10,La Positiva,ambas
2023-10,La Positiva Vida,ambas
2023-10,Liberty Seguros,ambas
2023-10,Mapfre Perú,ambas
2023-10,Ohio National Vida,ambas
2023-10,Pacífico Seguros,ambas
2023-10,Protecta,ambas
2023-10,Quálitas,ambas
2023-10,Rímac,ambas
2023-10,Secrex,ambas
2023-10,Vivir Seguros,ambas
2023-11,AVLA Perú,ambas
2023-11,Cardif,ambas
2023-11,Chubb Seguros,ambas
2023-11,Crecer Seguros,ambas
2023-11,Insur,ambas
2023-11,Interseguro,ambas
2023-11,La Positiva,ambas
2023-11,La Positiva Vida,ambas
2023-11,Liberty Seguros,ambas
2023-11,Mapfre Perú,ambas
2023-11,Ohio National Vida,ambas
2023-11,Pacífico Seguros,ambas
2023-11,Protecta,ambas
2023-11,Quálitas,ambas
2023-11,Rímac,ambas
2023-11,Secrex,ambas
2023-11,Vivir Seguros,ambas
2023-12,AVLA Perú,ambas
2023-12,Cardif,ambas
2023-12,Chubb Seguros,ambas
2023-12,Crecer Seguros,ambas
2023-12,Insur,ambas
2023-12,Interseguro,ambas
2023-12,La Positiva,ambas
2023-12,La Positiva Vida,ambas
2023-12,Liberty Seguros,ambas
2023-12,Mapfre Perú,ambas
2023-12,Ohio National Vida,ambas
2023-12,Pacífico Seguros,ambas
2023-12,Protecta,ambas
2023-12,Quálitas,ambas
2023-12,Rímac,ambas
2023-12,Secrex,ambas
2023-12,Vivir Seguros,ambas
2024-01,AVLA Perú,ambas
2024-01,Cardif,ambas
2024-01,Chubb Seguros,ambas
2024-01,Crecer Seguros,ambas
2024-01,Insur,ambas
2024-01,Interseguro,ambas
2024-01,La Positiva,ambas
2024-01,La Positiva Vida,ambas
2024-01,Liberty Seguros,ambas
2024-01,Mapfre Perú,ambas
2024-01,Ohio National Vida,ambas
2024-01,Pacífico Seguros,ambas
2024-01,Protecta,ambas
2024-01,Quálitas,ambas
2024-01,Rímac,ambas
2024-01,Secrex,ambas
2024-01,Vivir Seguros,ambas
2024-02,AVLA Perú,ambas
2024-02,Cardif,ambas
2024-02,Chubb Seguros,ambas
2024-02,Crecer Seguros,ambas
2024-02,Insur,ambas
2024-02,Interseguro,ambas
2024-02,La Positiva,ambas
2024-02,La Positiva Vida,ambas
2024-02,Liberty Seguros,ambas
2024-02,Mapfre Perú,ambas
2024-02,Ohio National Vida,ambas
2024-02,Pacífico Seguros,ambas
2024-02,Protecta,ambas
2024-02,Quálitas,ambas
2024-02,Rímac,ambas
2024-02,Secrex,ambas
2024-02,Vivir Seguros,ambas
2024-03,AVLA Perú,ambas
2024-03,Cardif,ambas
2024-03,Chubb Seguros,ambas
2024-03,Crecer Seguros,ambas
2024-03,Insur,ambas
2024-03,Interseguro,ambas
2024-03,La Positiva,ambas
2024-03,La Positiva Vida,ambas
2024-03,Liberty Seguros,ambas
2024-03,Mapfre Perú,ambas
2024-03,Ohio National Vida,ambas
2024-03,Pacífico Seguros,ambas
2024-03,Protecta,ambas
2024-03,Quálitas,ambas
2024-03,Rímac,ambas
2024-03,Secrex,ambas
2024-03,Vivir Seguros,ambas
2024-04,AVLA Perú,ambas
2024-04,Cardif,ambas
2024-04,Chubb Seguros,ambas
2024-04,Crecer Seguros,ambas
2024-04,Insur,ambas
2024-04,Interseguro,ambas
2024-04,La Positiva,ambas
2024-04,La Positiva Vida,ambas
2024-04,Liberty Seguros,ambas
2024-04,Mapfre Perú,ambas
2024-04,Ohio National Vida,ambas
2024-04,Pacífico Seguros,ambas
2024-04,Protecta,ambas
2024-04,Quálitas,ambas
2024-04,Rímac,ambas
2024-04,Secrex,ambas
2024-04,Vivir Seguros,ambas
2024-05,AVLA Perú,ambas
2024-05,Cardif,ambas
2024-05,Chubb Seguros,ambas
2024-05,Crecer Seguros,ambas
2024-05,Insur,ambas
2024-05,Interseguro,ambas
2024-05,La Positiva,ambas
2024-05,La Positiva Vida,ambas
2024-05,Liberty Seguros,ambas
2024-05,Mapfre Perú,ambas
2024-05,Ohio National Vida,ambas
2024-05,Pacífico Seguros,ambas
2024-05,Protecta,ambas
2024-05,Quálitas,ambas
2024-05,Rímac,ambas
2024-05,Secrex,ambas
2024-05,Vivir Seguros,ambas
2024-06,AVLA Perú,ambas
2024-06,Cardif,ambas
2024-06,Chubb Seguros,ambas
2024-06,Crecer Seguros,ambas
2024-06,Insur,ambas
2024-06,Interseguro,ambas
2024-06,La Positiva,ambas
2024-06,La Positiva Vida,ambas
2024-06,Liberty Seguros,ambas
2024-06,Mapfre Perú,ambas
2024-06,Ohio National Vida,ambas
2024-06,Pacífico Seguros,ambas
2024-06,Protecta,ambas
2024-06,Quálitas,ambas
2024-06,Rímac,ambas
2024-06,Secrex,ambas
2024-06,Vivir Seguros,ambas
2024-07,AVLA Perú,ambas
2024-07,Cardif,ambas
2024-07,Chubb Seguros,ambas
2024-07,Crecer Seguros,ambas
2024-07,Insur,ambas
2024-07,Interseguro,ambas
2024-07,La Positiva,ambas
2024-07,La Positiva Vida,ambas
2024-07,Liberty Seguros,ambas
2024-07,Mapfre Perú,ambas
2024-07,Ohio National Vida,ambas
2024-07,Pacífico Seguros,ambas
2024-07,Protecta,ambas
2024-07,Quálitas,ambas
2024-07,Rímac,ambas
2024-07,Secrex,ambas
2024-07,Vivir Seguros,ambas
2024-08,AVLA Perú,ambas
2024-08,Cardif,ambas
2024-08,Chubb Seguros,ambas
2024-08,Crecer Seguros,ambas
2024-08,Insur,ambas
2024-08,Interseguro,ambas
2024-08,La Positiva,ambas
2024-08,La Positiva Vida,ambas
2024-08,Liberty Seguros,ambas
2024-08,Mapfre Perú,ambas
2024-08,Ohio National Vida,ambas
2024-08,Pacífico Seguros,ambas
2024-08,Protecta,ambas
2024-08,Quálitas,ambas
2024-08,Rímac,ambas
2024-08,Secrex,ambas
2024-08,Vivir Seguros,ambas
2024-09,AVLA Perú,ambas
2024-09,Cardif,ambas
2024-09,Chubb Seguros,ambas
2024-09,Crecer Seguros,ambas
2024-09,Insur,ambas
2024-09,Interseguro,ambas
2024-09,La Positiva,ambas
2024-09,La Positiva Vida,ambas
2024-09,Liberty Seguros,ambas
2024-09,Mapfre Perú,ambas
2024-09,Ohio National Vida,ambas
2024-09,Pacífico Seguros,ambas
2024-09,Protecta,ambas
2024-09,Quálitas,ambas
2024-09,Rímac,ambas
2024-09,Secrex,ambas
2024-09,Vivir Seguros,ambas
2024-10,AVLA Perú,ambas
2024-10,Cardif,ambas
2024-10,Chubb Seguros,ambas
2024-10,Crecer Seguros,ambas
2024-10,Insur,ambas
2024-10,Interseguro,ambas
2024-10,La Positiva,ambas
2024-10,La Positiva Vida,ambas
2024-10,Liberty Seguros,ambas
2024-10,Mapfre Perú,ambas
2024-10,Ohio National Vida,ambas
2024-10,Pacífico Seguros,ambas
2024-10,Protecta,ambas
2024-10,Quálitas,ambas
2024-10,Rímac,ambas
2024-10,Secrex,ambas
2024-10,Vivir Seguros,ambas
2024-11,AVLA Perú,ambas
2024-11,Cardif,ambas
2024-11,Chubb Seguros,ambas
2024-11,Crecer Seguros,ambas
2024-11,Insur,ambas
2024-11,Interseguro,ambas
2024-11,La Positiva,ambas
2024-11,La Positiva Vida,ambas
2024-11,Liberty Seguros,ambas
2024-11,Mapfre Perú,ambas
2024-11,Ohio National Vida,ambas
2024-11,Pacífico Seguros,ambas
2024-11,Protecta,ambas
2024-11,Quálitas,ambas
2024-11,Rímac,ambas
2024-11,Secrex,ambas
2024-11,Vivir Seguros,ambas
2024-12,AVLA Perú,ambas
2024-12,Cardif,ambas
2024-12,Chubb Seguros,ambas
2024-12,Crecer Seguros,ambas
2024-12,Insur,ambas
2024-12,Interseguro,ambas
2024-12,La Positiva,ambas
2024-12,La Positiva Vida,ambas
2024-12,Liberty Seguros,ambas
2024-12,Mapfre Perú,ambas
2024-12,Ohio National Vida,ambas
2024-12,Pacífico Seguros,ambas
2024-12,Protecta,ambas
2024-12,Quálitas,ambas
2024-12,Rímac,ambas
2024-12,Secrex,ambas
2024-12,Vivir Seguros,ambas
2025-01,AVLA Perú,ambas
2025-01,Cardif,ambas
2025-01,Chubb Seguros,ambas
2025-01,Crecer Seguros,ambas
2025-01,Insur,ambas
2025-01,Interseguro,ambas
2025-01,La Positiva,ambas
2025-01,La Positiva Vida,ambas
2025-01,Liberty Seguros,ambas
2025-01,Mapfre Perú,ambas
2025-01,Ohio National Vida,ambas
2025-01,Pacífico Seguros,ambas
2025-01,Protecta,ambas
2025-01,Quálitas,ambas
2025-01,Rímac,ambas
2025-01,Secrex,ambas
2025-01,Vivir Seguros,ambas
2025-02,AVLA Perú,ambas
2025-02,Cardif,ambas
2025-02,Chubb Seguros,ambas
2025-02,Crecer Seguros,ambas
2025-02,Insur,ambas
2025-02,Interseguro,ambas
2025-02,La Positiva,ambas
2025-02,La Positiva Vida,ambas
2025-02,Liberty Seguros,ambas
2025-02,Mapfre Perú,ambas
2025-02,Ohio National Vida,ambas
2025-02,Pacífico Seguros,ambas
2025-02,Protecta,ambas
2025-02,Quálitas,ambas
2025-02,Rímac,ambas
2025-02,Secrex,ambas
2025-02,Vivir Seguros,ambas
2025-03,AVLA Perú,ambas
2025-03,Cardif,ambas
2025-03,Chubb Seguros,ambas
2025-03,Crecer Seguros,ambas
2025-03,Insur,ambas
2025-03,Interseguro,ambas
2025-03,La Positiva,ambas
2025-03,La Positiva Vida,ambas
2025-03,Liberty Seguros,ambas
2025-03,Mapfre Perú,ambas
2025-03,Ohio National Vida,ambas
2025-03,Pacífico Seguros,ambas
2025-03,Protecta,ambas
2025-03,Quálitas,ambas
2025-03,Rímac,ambas
2025-03,Secrex,ambas
2025-03,Vivir Seguros,ambas
2025-04,AVLA Perú,ambas
2025-04,Cardif,ambas
2025-04,Chubb Seguros,ambas
2025-04,Crecer Seguros,ambas
2025-04,Insur,ambas
2025-04,Interseguro,ambas
2025-04,La Positiva,ambas
2025-04,La Positiva Vida,ambas
2025-04,Liberty Seguros,ambas
2025-04,Mapfre Perú,ambas
2025-04,Ohio National Vida,ambas
2025-04,Pacífico Seguros,ambas
2025-04,Protecta,ambas
2025-04,Quálitas,ambas
2025-04,Rímac,ambas
2025-04,Secrex,ambas
2025-04,Vivir Seguros,ambas
2025-05,AVLA Perú,ambas
2025-05,Cardif,ambas
2025-05,Cesce Perú,ambas
2025-05,Chubb Seguros,ambas
2025-05,Crecer Seguros,ambas
2025-05,Insur,ambas
2025-05,Interseguro,ambas
2025-05,La Positiva,ambas
2025-05,La Positiva Vida,ambas
2025-05,Liberty Seguros,ambas
2025-05,Mapfre Perú,ambas
2025-05,Ohio National Vida,ambas
2025-05,Pacífico Seguros,ambas
2025-05,Protecta,ambas
2025-05,Quálitas,ambas
2025-05,Rímac,ambas
2025-05,Vivir Seguros,ambas
2025-06,AVLA Perú,ambas
2025-06,Cardif,ambas
2025-06,Cesce Perú,ambas
2025-06,Chubb Seguros,ambas
2025-06,Crecer Seguros,ambas
2025-06,Insur,ambas
2025-06,Interseguro,ambas
2025-06,La Positiva,ambas
2025-06,La Positiva Vida,ambas
2025-06,Liberty Seguros,ambas
2025-06,Mapfre Perú,ambas
2025-06,Ohio National Vida,ambas
2025-06,Pacífico Seguros,ambas
2025-06,Protecta,ambas
2025-06,Quálitas,ambas
2025-06,Rímac,ambas
2025-06,Vivir Seguros,ambas
2025-07,AVLA Perú,ambas
2025-07,Cardif,ambas
2025-07,Cesce Perú,ambas
2025-07,Chubb Seguros,ambas
2025-07,Crecer Seguros,ambas
2025-07,Insur,ambas
2025-07,Interseguro,ambas
2025-07,La Positiva,ambas
2025-07,La Positiva Vida,ambas
2025-07,Liberty Seguros,ambas
2025-07,Mapfre Perú,ambas
2025-07,Ohio National Vida,ambas
2025-07,Pacífico Seguros,ambas
2025-07,Protecta,ambas
2025-07,Quálitas,ambas
2025-07,Rímac,ambas
2025-07,Vivir Seguros,ambas
2025-08,AVLA Perú,ambas
2025-08,Cardif,ambas
2025-08,Cesce Perú,ambas
2025-08,Chubb Seguros,ambas
2025-08,Crecer Seguros,ambas
2025-08,Insur,ambas
2025-08,Interseguro,ambas
2025-08,La Positiva,ambas
2025-08,La Positiva Vida,ambas
2025-08,Liberty Seguros,ambas
2025-08,Mapfre Perú,ambas
2025-08,Ohio National Vida,ambas
2025-08,Pacífico Seguros,ambas
2025-08,Protecta,ambas
2025-08,Quálitas,ambas
2025-08,Rímac,ambas
2025-08,Vivir Seguros,ambas
2025-09,AVLA Perú,ambas
2025-09,Cardif,ambas
2025-09,Cesce Perú,ambas
2025-09,Chubb Seguros,ambas
2025-09,Crecer Seguros,ambas
2025-09,Insur,ambas
2025-09,Interseguro,ambas
2025-09,La Positiva,ambas
2025-09,La Positiva Vida,ambas
2025-09,Liberty Seguros,ambas
2025-09,Mapfre Perú,ambas
2025-09,Ohio National Vida,ambas
2025-09,Pacífico Seguros,ambas
2025-09,Protecta,ambas
2025-09,Quálitas,ambas
2025-09,Rímac,ambas
2025-09,Vivir Seguros,ambas
2025-10,AVLA Perú,ambas
2025-10,Cardif,ambas
2025-10,Cesce Perú,ambas
2025-10,Chubb Seguros,ambas
2025-10,Crecer Seguros,ambas
2025-10,Insur,ambas
2025-10,Interseguro,ambas
2025-10,La Positiva,ambas
2025-10,La Positiva Vida,ambas
2025-10,Liberty Seguros,ambas
2025-10,Mapfre Perú,ambas
2025-10,Ohio National Vida,ambas
2025-10,Pacífico Seguros,ambas
2025-10,Protecta,ambas
2025-10,Quálitas,ambas
2025-10,Rímac,ambas
2025-10,Vivir Seguros,ambas
2025-11,AVLA Perú,ambas
2025-11,AuguStar,ambas
2025-11,Cardif,ambas
2025-11,Cesce Perú,ambas
2025-11,Chubb Seguros,ambas
2025-11,Crecer Seguros,ambas
2025-11,Insur,ambas
2025-11,Interseguro,ambas
2025-11,La Positiva,ambas
2025-11,La Positiva Vida,ambas
2025-11,Liberty Seguros,ambas
2025-11,Mapfre Perú,ambas
2025-11,Pacífico Seguros,ambas
2025-11,Protecta,ambas
2025-11,Quálitas,ambas
2025-11,Rímac,ambas
2025-11,Vivir Seguros,ambas
2025-12,AVLA Perú,ambas
2025-12,AuguStar,ambas
2025-12,Cardif,ambas
2025-12,Cesce Perú,ambas
2025-12,Chubb Seguros,ambas
2025-12,Crecer Seguros,ambas
2025-12,Insur,ambas
2025-12,Interseguro,ambas
2025-12,La Positiva,ambas
2025-12,La Positiva Vida,ambas
2025-12,Liberty Seguros,ambas
2025-12,Mapfre Perú,ambas
2025-12,Pacífico Seguros,ambas
2025-12,Protecta,ambas
2025-12,Quálitas,ambas
2025-12,Rímac,ambas
2025-12,Vivir Seguros,ambas
