periodo,hoja,estado,detalle
2020-01,P009,ok,Total = suma de todas las empresas
2020-01,P010,ok,Total = suma de todas las empresas
2020-02,P009,ok,Total = suma de todas las empresas
2020-02,P010,ok,Total = suma de todas las empresas
2020-03,P009,ok,Total = suma de todas las empresas
2020-03,P010,ok,Total = suma de todas las empresas
2020-04,P009,ok,Total = suma de todas las empresas
2020-04,P010,ok,Total = suma de todas las empresas
2020-05,P009,ok,Total = suma de todas las empresas
2020-05,P010,ok,Total = suma de todas las empresas
2020-06,P009,ok,Total = total base sin Rigel; Total +Rigel (2) validada con Rigel
2020-06,P010,ok,Total = total base sin Rigel; Total + Rigel (2) validada con Rigel
2020-07,P009,ok,Total = total base sin Rigel; Total +Rigel (2) validada con Rigel
2020-07,P010,ok,Total = total base sin Rigel; Total + Rigel (2) validada con Rigel
2020-08,P009,ok,Total = total base sin Rigel; Total +Rigel (2) validada con Rigel
2020-08,P010,ok,Total = total base sin Rigel; Total + Rigel (2) validada con Rigel
2020-09,P009,ok,Total = total base sin Rigel; Total +Rigel (2) validada con Rigel
2020-09,P010,ok,Total = total base sin Rigel; Total + Rigel (2) validada con Rigel
2020-10,P009,ok,Total = total base sin Rigel; Total +Rigel (2) validada con Rigel
2020-10,P010,ok,Total = total base sin Rigel; Total + Rigel (2) validada con Rigel
2020-11,P009,ok,Total = total base sin Rigel; Total +Rigel (2) validada con Rigel
2020-11,P010,ok,Total = total base sin Rigel; Total + Rigel (2) validada con Rigel
2020-12,P009,ok,"Total = total base sin Coface Seguros, Rigel; Total +Rigel + Coface Seguros (3) validada con Rigel, Coface Seguros"
2020-12,P010,ok,"Total = total base sin Coface Seguros, Rigel; Total + Rigel + Coface Seguros (3) validada con Rigel, Coface Seguros"
2021-01,P009,ok,Total = suma de todas las empresas
2021-01,P010,ok,Total = suma de todas las empresas
2021-02,P009,ok,Total = suma de todas las empresas
2021-02,P010,ok,Total = suma de todas las empresas
2021-03,P009,ok,Total = suma de todas las empresas
2021-03,P010,ok,Total = suma de todas las empresas
2021-04,P009,ok,Total = suma de todas las empresas
2021-04,P010,ok,Total = suma de todas las empresas
2021-05,P009,ok,Total = suma de todas las empresas
2021-05,P010,ok,Total = suma de todas las empresas
2021-06,P009,ok,Total = suma de todas las empresas
2021-06,P010,ok,Total = suma de todas las empresas
2021-07,P009,ok,Total = suma de todas las empresas
2021-07,P010,ok,Total = suma de todas las empresas
2021-08,P009,ok,Total = suma de todas las empresas
2021-08,P010,ok,Total = suma de todas las empresas
2021-09,P009,ok,Total = suma de todas las empresas
2021-09,P010,ok,Total = suma de todas las empresas
2021-10,P009,ok,Total = suma de todas las empresas
2021-10,P010,ok,Total = suma de todas las empresas
2021-11,P009,ok,Total = suma de todas las empresas
2021-11,P010,ok,Total = suma de todas las empresas
2021-12,P009,ok,Total = suma de todas las empresas
2021-12,P010,ok,Total = suma de todas las empresas
2022-01,P009,ok,Total = suma de todas las empresas
2022-01,P010,ok,Total = suma de todas las empresas
2022-02,P009,ok,Total = suma de todas las empresas
2022-02,P010,ok,Total = suma de todas las empresas
2022-03,P009,ok,Total = suma de todas las empresas
2022-03,P010,ok,Total = suma de todas las empresas
2022-04,P009,ok,Total = suma de todas las empresas
2022-04,P010,ok,Total = suma de todas las empresas
2022-05,P009,ok,Total = suma de todas las empresas
2022-05,P010,ok,Total = suma de todas las empresas
2022-06,P009,ok,Total = total base sin Mapfre Perú (abs); Total + Mapfre Perú (abs) (3) validada con Mapfre Perú (abs)
2022-06,P010,ok,Total = total base sin Mapfre Perú (abs); Total + Mapfre Perú (abs) (3) validada con Mapfre Perú (abs)
2022-07,P009,ok,Total = total base sin Mapfre Perú (abs); Total + Mapfre Perú (abs) (3) validada con Mapfre Perú (abs)
2022-07,P010,ok,Total = total base sin Mapfre Perú (abs); Total + Mapfre Perú (abs) (3) validada con Mapfre Perú (abs)
2022-08,P009,ok,Total = total base sin Mapfre Perú (abs); Total + Mapfre Perú (abs) (3) validada con Mapfre Perú (abs)
2022-08,P010,ok,Total = total base sin Mapfre Perú (abs); Total + Mapfre Perú (abs) (3) validada con Mapfre Perú (abs)
2022-09,P009,ok,Total = total base sin Mapfre Perú (abs); Total + Mapfre Perú (abs) (3) validada con Mapfre Perú (abs)
2022-09,P010,ok,Total = total base sin Mapfre Perú (abs); Total + Mapfre Perú (abs) (3) validada con Mapfre Perú (abs)
2022-10,P009,ok,Total = total base sin Mapfre Perú (abs); Total + Mapfre Perú (abs) (3) validada con Mapfre Perú (abs)
2022-10,P010,ok,Total = total base sin Mapfre Perú (abs); Total + Mapfre Perú (abs) (3) validada con Mapfre Perú (abs)
2022-11,P009,ok,Total = total base sin Mapfre Perú (abs); Total + Mapfre Perú (abs) (3) validada con Mapfre Perú (abs)
2022-11,P010,ok,Total = total base sin Mapfre Perú (abs); Total + Mapfre Perú (abs) (3) validada con Mapfre Perú (abs)
2022-12,P009,ok,Total = total base sin Mapfre Perú (abs); Total + Mapfre Perú (abs) (3) validada con Mapfre Perú (abs)
2022-12,P010,ok,Total = total base sin Mapfre Perú (abs); Total + Mapfre Perú (abs) (3) validada con Mapfre Perú (abs)
2023-01,P009,ok,Total = suma de todas las empresas
2023-01,P010,ok,Total = suma de todas las empresas
2023-02,P009,ok,Total = suma de todas las empresas
2023-02,P010,ok,Total = suma de todas las empresas
2023-03,P009,ok,Total = suma de todas las empresas
2023-03,P010,ok,Total = suma de todas las empresas
2023-04,P009,ok,Total = suma de todas las empresas
2023-04,P010,ok,Total = suma de todas las empresas
2023-05,P009,ok,Total = suma de todas las empresas
2023-05,P010,ok,Total = suma de todas las empresas
2023-06,P009,ok,Total = suma de todas las empresas
2023-06,P010,ok,Total = suma de todas las empresas
2023-07,P009,ok,Total = suma de todas las empresas
2023-07,P010,ok,Total = suma de todas las empresas
2023-08,P009,ok,Total = suma de todas las empresas
2023-08,P010,ok,Total = suma de todas las empresas
2023-09,P009,ok,Total = suma de todas las empresas
2023-09,P010,ok,Total = suma de todas las empresas
2023-10,P009,ok,Total = suma de todas las empresas
2023-10,P010,ok,Total = suma de todas las empresas
2023-11,P009,ok,Total = suma de todas las empresas
2023-11,P010,ok,Total = suma de todas las empresas
2023-12,P009,ok,Total = suma de todas las empresas
2023-12,P010,ok,Total = suma de todas las empresas
2024-01,P009,ok,Total = suma de todas las empresas
2024-01,P010,ok,Total = suma de todas las empresas
2024-02,P009,ok,Total = suma de todas las empresas
2024-02,P010,ok,Total = suma de todas las empresas
2024-03,P009,ok,Total = suma de todas las empresas
2024-03,P010,ok,Total = suma de todas las empresas
2024-04,P009,ok,Total = suma de todas las empresas
2024-04,P010,ok,Total = suma de todas las empresas
2024-05,P009,ok,Total = suma de todas las empresas
2024-05,P010,ok,Total = suma de todas las empresas
2024-06,P009,ok,Total = suma de todas las empresas
2024-06,P010,ok,Total = suma de todas las empresas
2024-07,P009,ok,Total = suma de todas las empresas
2024-07,P010,ok,Total = suma de todas las empresas
2024-08,P009,ok,Total = suma de todas las empresas
2024-08,P010,ok,Total = suma de todas las empresas
2024-09,P009,ok,Total = suma de todas las empresas
2024-09,P010,ok,Total = suma de todas las empresas
2024-10,P009,ok,Total = suma de todas las empresas
2024-10,P010,ok,Total = suma de todas las empresas
2024-11,P009,ok,Total = suma de todas las empresas
2024-11,P010,ok,Total = suma de todas las empresas
2024-12,P009,ok,Total = suma de todas las empresas
2024-12,P010,ok,Total = suma de todas las empresas
2025-01,P009,ok,Total = suma de todas las empresas
2025-01,P010,ok,Total = suma de todas las empresas
2025-02,P009,ok,Total = suma de todas las empresas
2025-02,P010,ok,Total = suma de todas las empresas
2025-03,P009,ok,Total = suma de todas las empresas
2025-03,P010,ok,Total = suma de todas las empresas
2025-04,P009,ok,Total = suma de todas las empresas
2025-04,P010,ok,Total = suma de todas las empresas
2025-05,P009,ok,Total = suma de todas las empresas
2025-05,P010,ok,Total = suma de todas las empresas
2025-06,P009,ok,Total = suma de todas las empresas
2025-06,P010,ok,Total = suma de todas las empresas
2025-07,P009,ok,Total = suma de todas las empresas
2025-07,P010,ok,Total = suma de todas las empresas
2025-08,P009,ok,Total = suma de todas las empresas
2025-08,P010,ok,Total = suma de todas las empresas
2025-09,P009,ok,Total = suma de todas las empresas
2025-09,P010,ok,Total = suma de todas las empresas
2025-10,P009,ok,Total = suma de todas las empresas
2025-10,P010,ok,Total = suma de todas las empresas
2025-11,P009,ok,Total = suma de todas las empresas
2025-11,P010,ok,Total = suma de todas las empresas
2025-12,P009,ok,Total = suma de todas las empresas
2025-12,P010,ok,Total = suma de todas las empresas
