periodo,id_empresa,empresa,variable,valor,q1,q3,limite_inferior,limite_superior,id_observacion
2025-06,E007,Interseguro,primas_netas_mensual_nominal,245656.30999999994,10201.3475,98574.29500000001,-122358.07375000001,231133.71625000003,438
2022-08,E012,Mapfre Perú,primas_netas_mensual_nominal,293055.6499999999,10201.3475,98574.29500000001,-122358.07375000001,231133.71625000003,721
2022-09,E012,Mapfre Perú,primas_netas_mensual_nominal,236465.25,10201.3475,98574.29500000001,-122358.07375000001,231133.71625000003,722
2022-11,E012,Mapfre Perú,primas_netas_mensual_nominal,243280.8600000001,10201.3475,98574.29500000001,-122358.07375000001,231133.71625000003,724
2023-03,E012,Mapfre Perú,primas_netas_mensual_nominal,240936.07,10201.3475,98574.29500000001,-122358.07375000001,231133.71625000003,728
2023-08,E012,Mapfre Perú,primas_netas_mensual_nominal,259424.5199999998,10201.3475,98574.29500000001,-122358.07375000001,231133.71625000003,733
2023-09,E012,Mapfre Perú,primas_netas_mensual_nominal,285682.1900000002,10201.3475,98574.29500000001,-122358.07375000001,231133.71625000003,734
2023-11,E012,Mapfre Perú,primas_netas_mensual_nominal,265003.5999999996,10201.3475,98574.29500000001,-122358.07375000001,231133.71625000003,736
2023-12,E012,Mapfre Perú,primas_netas_mensual_nominal,236589.1700000004,10201.3475,98574.29500000001,-122358.07375000001,231133.71625000003,737
2024-01,E012,Mapfre Perú,primas_netas_mensual_nominal,256802.03,10201.3475,98574.29500000001,-122358.07375000001,231133.71625000003,738
2024-02,E012,Mapfre Perú,primas_netas_mensual_nominal,251435.35,10201.3475,98574.29500000001,-122358.07375000001,231133.71625000003,739
2024-03,E012,Mapfre Perú,primas_netas_mensual_nominal,258449.71999999997,10201.3475,98574.29500000001,-122358.07375000001,231133.71625000003,740
2024-05,E012,Mapfre Perú,primas_netas_mensual_nominal,263679.51,10201.3475,98574.29500000001,-122358.07375000001,231133.71625000003,742
2024-08,E012,Mapfre Perú,primas_netas_mensual_nominal,250157.84000000008,10201.3475,98574.29500000001,-122358.07375000001,231133.71625000003,745
2024-09,E012,Mapfre Perú,primas_netas_mensual_nominal,289524.5299999998,10201.3475,98574.29500000001,-122358.07375000001,231133.71625000003,746
2024-10,E012,Mapfre Perú,primas_netas_mensual_nominal,259963.85999999987,10201.3475,98574.29500000001,-122358.07375000001,231133.71625000003,747
2025-01,E012,Mapfre Perú,primas_netas_mensual_nominal,287761.94,10201.3475,98574.29500000001,-122358.07375000001,231133.71625000003,750
2025-02,E012,Mapfre Perú,primas_netas_mensual_nominal,266729.61000000004,10201.3475,98574.29500000001,-122358.07375000001,231133.71625000003,751
2025-03,E012,Mapfre Perú,primas_netas_mensual_nominal,290951.20999999996,10201.3475,98574.29500000001,-122358.07375000001,231133.71625000003,752
2025-04,E012,Mapfre Perú,primas_netas_mensual_nominal,231831.42999999993,10201.3475,98574.29500000001,-122358.07375000001,231133.71625000003,753
2025-06,E012,Mapfre Perú,primas_netas_mensual_nominal,248363.97999999998,10201.3475,98574.29500000001,-122358.07375000001,231133.71625000003,755
2025-07,E012,Mapfre Perú,primas_netas_mensual_nominal,290130.6300000001,10201.3475,98574.29500000001,-122358.07375000001,231133.71625000003,756
2025-08,E012,Mapfre Perú,primas_netas_mensual_nominal,274275.5900000001,10201.3475,98574.29500000001,-122358.07375000001,231133.71625000003,757
2025-09,E012,Mapfre Perú,primas_netas_mensual_nominal,236140.3999999999,10201.3475,98574.29500000001,-122358.07375000001,231133.71625000003,758
2025-10,E012,Mapfre Perú,primas_netas_mensual_nominal,258950.99000000022,10201.3475,98574.29500000001,-122358.07375000001,231133.71625000003,759
2025-11,E012,Mapfre Perú,primas_netas_mensual_nominal,279871.35999999987,10201.3475,98574.29500000001,-122358.07375000001,231133.71625000003,760
2025-12,E012,Mapfre Perú,primas_netas_mensual_nominal,237290.11999999965,10201.3475,98574.29500000001,-122358.07375000001,231133.71625000003,761
2020-01,E014,Pacífico Seguros,primas_netas_mensual_nominal,324655.63,10201.3475,98574.29500000001,-122358.07375000001,231133.71625000003,834
2020-02,E014,Pacífico Seguros,primas_netas_mensual_nominal,297999.22,10201.3475,98574.29500000001,-122358.07375000001,231133.71625000003,835
2020-03,E014,Pacífico Seguros,primas_netas_mensual_nominal,291119.58999999997,10201.3475,98574.29500000001,-122358.07375000001,231133.71625000003,836
2020-04,E014,Pacífico Seguros,primas_netas_mensual_nominal,236911.72999999998,10201.3475,98574.29500000001,-122358.07375000001,231133.71625000003,837
2020-05,E014,Pacífico Seguros,primas_netas_mensual_nominal,243756.8700000001,10201.3475,98574.29500000001,-122358.07375000001,231133.71625000003,838
2020-06,E014,Pacífico Seguros,primas_netas_mensual_nominal,304653.43999999994,10201.3475,98574.29500000001,-122358.07375000001,231133.71625000003,839
2020-07,E014,Pacífico Seguros,primas_netas_mensual_nominal,278921.52,10201.3475,98574.29500000001,-122358.07375000001,231133.71625000003,840
2020-08,E014,Pacífico Seguros,primas_netas_mensual_nominal,246537.54000000004,10201.3475,98574.29500000001,-122358.07375000001,231133.71625000003,841
2020-09,E014,Pacífico Seguros,primas_netas_mensual_nominal,315825.60999999987,10201.3475,98574.29500000001,-122358.07375000001,231133.71625000003,842
2020-10,E014,Pacífico Seguros,primas_netas_mensual_nominal,365855.89000000013,10201.3475,98574.29500000001,-122358.07375000001,231133.71625000003,843
2020-11,E014,Pacífico Seguros,primas_netas_mensual_nominal,370338.5800000001,10201.3475,98574.29500000001,-122358.07375000001,231133.71625000003,844
2020-12,E014,Pacífico Seguros,primas_netas_mensual_nominal,376807.70999999996,10201.3475,98574.29500000001,-122358.07375000001,231133.71625000003,845
2021-01,E014,Pacífico Seguros,primas_netas_mensual_nominal,344317.68,10201.3475,98574.29500000001,-122358.07375000001,231133.71625000003,846
2021-02,E014,Pacífico Seguros,primas_netas_mensual_nominal,321328.94,10201.3475,98574.29500000001,-122358.07375000001,231133.71625000003,847
2021-03,E014,Pacífico Seguros,primas_netas_mensual_nominal,322022.44999999995,10201.3475,98574.29500000001,-122358.07375000001,231133.71625000003,848
2021-04,E014,Pacífico Seguros,primas_netas_mensual_nominal,276506.95000000007,10201.3475,98574.29500000001,-122358.07375000001,231133.71625000003,849
2021-05,E014,Pacífico Seguros,primas_netas_mensual_nominal,317573.54000000004,10201.3475,98574.29500000001,-122358.07375000001,231133.71625000003,850
2021-06,E014,Pacífico Seguros,primas_netas_mensual_nominal,332989.08999999985,10201.3475,98574.29500000001,-122358.07375000001,231133.71625000003,851
2021-07,E014,Pacífico Seguros,primas_netas_mensual_nominal,346100.35999999987,10201.3475,98574.29500000001,-122358.07375000001,231133.71625000003,852
2021-08,E014,Pacífico Seguros,primas_netas_mensual_nominal,351657.6500000004,10201.3475,98574.29500000001,-122358.07375000001,231133.71625000003,853
2021-09,E014,Pacífico Seguros,primas_netas_mensual_nominal,398889.85999999987,10201.3475,98574.29500000001,-122358.07375000001,231133.71625000003,854
2021-10,E014,Pacífico Seguros,primas_netas_mensual_nominal,406220.4700000002,10201.3475,98574.29500000001,-122358.07375000001,231133.71625000003,855
2021-11,E014,Pacífico Seguros,primas_netas_mensual_nominal,374561.20999999996,10201.3475,98574.29500000001,-122358.07375000001,231133.71625000003,856
2021-12,E014,Pacífico Seguros,primas_netas_mensual_nominal,479827.8300000001,10201.3475,98574.29500000001,-122358.07375000001,231133.71625000003,857
2022-01,E014,Pacífico Seguros,primas_netas_mensual_nominal,456045.88,10201.3475,98574.29500000001,-122358.07375000001,231133.71625000003,858
2022-02,E014,Pacífico Seguros,primas_netas_mensual_nominal,365814.85,10201.3475,98574.29500000001,-122358.07375000001,231133.71625000003,859
2022-03,E014,Pacífico Seguros,primas_netas_mensual_nominal,353611.3300000001,10201.3475,98574.29500000001,-122358.07375000001,231133.71625000003,860
2022-04,E014,Pacífico Seguros,primas_netas_mensual_nominal,324781.98,10201.3475,98574.29500000001,-122358.07375000001,231133.71625000003,861
2022-05,E014,Pacífico Seguros,primas_netas_mensual_nominal,329687.98,10201.3475,98574.29500000001,-122358.07375000001,231133.71625000003,862
2022-06,E014,Pacífico Seguros,primas_netas_mensual_nominal,343891.43999999994,10201.3475,98574.29500000001,-122358.07375000001,231133.71625000003,863
2022-07,E014,Pacífico Seguros,primas_netas_mensual_nominal,339868.35999999987,10201.3475,98574.29500000001,-122358.07375000001,231133.71625000003,864
2022-08,E014,Pacífico Seguros,primas_netas_mensual_nominal,343422.41000000015,10201.3475,98574.29500000001,-122358.07375000001,231133.71625000003,865
2022-09,E014,Pacífico Seguros,primas_netas_mensual_nominal,412024.93000000017,10201.3475,98574.29500000001,-122358.07375000001,231133.71625000003,866
2022-10,E014,Pacífico Seguros,primas_netas_mensual_nominal,353043.4099999997,10201.3475,98574.29500000001,-122358.07375000001,231133.71625000003,867
2022-11,E014,Pacífico Seguros,primas_netas_mensual_nominal,435437.48,10201.3475,98574.29500000001,-122358.07375000001,231133.71625000003,868
2022-12,E014,Pacífico Seguros,primas_netas_mensual_nominal,387274.6900000004,10201.3475,98574.29500000001,-122358.07375000001,231133.71625000003,869
2023-01,E014,Pacífico Seguros,primas_netas_mensual_nominal,437115.41,10201.3475,98574.29500000001,-122358.07375000001,231133.71625000003,870
2023-02,E014,Pacífico Seguros,primas_netas_mensual_nominal,394184.88000000006,10201.3475,98574.29500000001,-122358.07375000001,231133.71625000003,871
2023-03,E014,Pacífico Seguros,primas_netas_mensual_nominal,387535.75,10201.3475,98574.29500000001,-122358.07375000001,231133.71625000003,872
2023-04,E014,Pacífico Seguros,primas_netas_mensual_nominal,349322.07000000007,10201.3475,98574.29500000001,-122358.07375000001,231133.71625000003,873
2023-05,E014,Pacífico Seguros,primas_netas_mensual_nominal,405014.01,10201.3475,98574.29500000001,-122358.07375000001,231133.71625000003,874
2023-06,E014,Pacífico Seguros,primas_netas_mensual_nominal,428519.46999999974,10201.3475,98574.29500000001,-122358.07375000001,231133.71625000003,875
2023-07,E014,Pacífico Seguros,primas_netas_mensual_nominal,371536.7000000002,10201.3475,98574.29500000001,-122358.07375000001,231133.71625000003,876
2023-08,E014,Pacífico Seguros,primas_netas_mensual_nominal,358899.98,10201.3475,98574.29500000001,-122358.07375000001,231133.71625000003,877
2023-09,E014,Pacífico Seguros,primas_netas_mensual_nominal,413772.0,10201.3475,98574.29500000001,-122358.07375000001,231133.71625000003,878
2023-10,E014,Pacífico Seguros,primas_netas_mensual_nominal,413414.31000000006,10201.3475,98574.29500000001,-122358.07375000001,231133.71625000003,879
2023-11,E014,Pacífico Seguros,primas_netas_mensual_nominal,477147.54000000004,10201.3475,98574.29500000001,-122358.07375000001,231133.71625000003,880
2023-12,E014,Pacífico Seguros,primas_netas_mensual_nominal,474176.9900000002,10201.3475,98574.29500000001,-122358.07375000001,231133.71625000003,881
2024-01,E014,Pacífico Seguros,primas_netas_mensual_nominal,505591.2,10201.3475,98574.29500000001,-122358.07375000001,231133.71625000003,882
2024-02,E014,Pacífico Seguros,primas_netas_mensual_nominal,360240.38000000006,10201.3475,98574.29500000001,-122358.07375000001,231133.71625000003,883
2024-03,E014,Pacífico Seguros,primas_netas_mensual_nominal,386219.5499999998,10201.3475,98574.29500000001,-122358.07375000001,231133.71625000003,884
2024-04,E014,Pacífico Seguros,primas_netas_mensual_nominal,387599.93000000017,10201.3475,98574.29500000001,-122358.07375000001,231133.71625000003,885
2024-05,E014,Pacífico Seguros,primas_netas_mensual_nominal,405754.32999999984,10201.3475,98574.29500000001,-122358.07375000001,231133.71625000003,886
2024-06,E014,Pacífico Seguros,primas_netas_mensual_nominal,404164.92000000016,10201.3475,98574.29500000001,-122358.07375000001,231133.71625000003,887
2024-07,E014,Pacífico Seguros,primas_netas_mensual_nominal,404084.56000000006,10201.3475,98574.29500000001,-122358.07375000001,231133.71625000003,888
2024-08,E014,Pacífico Seguros,primas_netas_mensual_nominal,431448.4499999997,10201.3475,98574.29500000001,-122358.07375000001,231133.71625000003,889
2024-09,E014,Pacífico Seguros,primas_netas_mensual_nominal,507107.93999999994,10201.3475,98574.29500000001,-122358.07375000001,231133.71625000003,890
2024-10,E014,Pacífico Seguros,primas_netas_mensual_nominal,477046.5200000005,10201.3475,98574.29500000001,-122358.07375000001,231133.71625000003,891
2024-11,E014,Pacífico Seguros,primas_netas_mensual_nominal,537652.8499999996,10201.3475,98574.29500000001,-122358.07375000001,231133.71625000003,892
2024-12,E014,Pacífico Seguros,primas_netas_mensual_nominal,566344.3300000001,10201.3475,98574.29500000001,-122358.07375000001,231133.71625000003,893
2025-01,E014,Pacífico Seguros,primas_netas_mensual_nominal,528571.67,10201.3475,98574.29500000001,-122358.07375000001,231133.71625000003,894
2025-02,E014,Pacífico Seguros,primas_netas_mensual_nominal,400675.62,10201.3475,98574.29500000001,-122358.07375000001,231133.71625000003,895
2025-03,E014,Pacífico Seguros,primas_netas_mensual_nominal,392887.68999999994,10201.3475,98574.29500000001,-122358.07375000001,231133.71625000003,896
2025-04,E014,Pacífico Seguros,primas_netas_mensual_nominal,458373.8999999999,10201.3475,98574.29500000001,-122358.07375000001,231133.71625000003,897
2025-05,E014,Pacífico Seguros,primas_netas_mensual_nominal,382836.0900000003,10201.3475,98574.29500000001,-122358.07375000001,231133.71625000003,898
2025-06,E014,Pacífico Seguros,primas_netas_mensual_nominal,427897.86999999965,10201.3475,98574.29500000001,-122358.07375000001,231133.71625000003,899
2025-07,E014,Pacífico Seguros,primas_netas_mensual_nominal,378792.8700000001,10201.3475,98574.29500000001,-122358.07375000001,231133.71625000003,900
2025-08,E014,Pacífico Seguros,primas_netas_mensual_nominal,414273.93000000017,10201.3475,98574.29500000001,-122358.07375000001,231133.71625000003,901
2025-09,E014,Pacífico Seguros,primas_netas_mensual_nominal,500570.8799999999,10201.3475,98574.29500000001,-122358.07375000001,231133.71625000003,902
2025-10,E014,Pacífico Seguros,primas_netas_mensual_nominal,526760.73,10201.3475,98574.29500000001,-122358.07375000001,231133.71625000003,903
2025-11,E014,Pacífico Seguros,primas_netas_mensual_nominal,487557.2000000002,10201.3475,98574.29500000001,-122358.07375000001,231133.71625000003,904
2025-12,E014,Pacífico Seguros,primas_netas_mensual_nominal,525548.2299999995,10201.3475,98574.29500000001,-122358.07375000001,231133.71625000003,905
2020-01,E018,Rímac,primas_netas_mensual_nominal,384977.98,10201.3475,98574.29500000001,-122358.07375000001,231133.71625000003,1035
2020-02,E018,Rímac,primas_netas_mensual_nominal,397606.97,10201.3475,98574.29500000001,-122358.07375000001,231133.71625000003,1036
2020-03,E018,Rímac,primas_netas_mensual_nominal,343025.40000000014,10201.3475,98574.29500000001,-122358.07375000001,231133.71625000003,1037
2020-04,E018,Rímac,primas_netas_mensual_nominal,302283.7899999998,10201.3475,98574.29500000001,-122358.07375000001,231133.71625000003,1038
2020-05,E018,Rímac,primas_netas_mensual_nominal,266716.53,10201.3475,98574.29500000001,-122358.07375000001,231133.71625000003,1039
2020-06,E018,Rímac,primas_netas_mensual_nominal,334928.15000000014,10201.3475,98574.29500000001,-122358.07375000001,231133.71625000003,1040
2020-07,E018,Rímac,primas_netas_mensual_nominal,321730.69999999995,10201.3475,98574.29500000001,-122358.07375000001,231133.71625000003,1041
2020-08,E018,Rímac,primas_netas_mensual_nominal,301383.3799999999,10201.3475,98574.29500000001,-122358.07375000001,231133.71625000003,1042
2020-09,E018,Rímac,primas_netas_mensual_nominal,348757.3500000001,10201.3475,98574.29500000001,-122358.07375000001,231133.71625000003,1043
2020-10,E018,Rímac,primas_netas_mensual_nominal,325340.27,10201.3475,98574.29500000001,-122358.07375000001,231133.71625000003,1044
2020-11,E018,Rímac,primas_netas_mensual_nominal,474653.2799999998,10201.3475,98574.29500000001,-122358.07375000001,231133.71625000003,1045
2020-12,E018,Rímac,primas_netas_mensual_nominal,494545.6900000004,10201.3475,98574.29500000001,-122358.07375000001,231133.71625000003,1046
2021-01,E018,Rímac,primas_netas_mensual_nominal,426539.24,10201.3475,98574.29500000001,-122358.07375000001,231133.71625000003,1047
2021-02,E018,Rímac,primas_netas_mensual_nominal,391868.26,10201.3475,98574.29500000001,-122358.07375000001,231133.71625000003,1048
2021-03,E018,Rímac,primas_netas_mensual_nominal,369823.79000000004,10201.3475,98574.29500000001,-122358.07375000001,231133.71625000003,1049
2021-04,E018,Rímac,primas_netas_mensual_nominal,372440.42999999993,10201.3475,98574.29500000001,-122358.07375000001,231133.71625000003,1050
2021-05,E018,Rímac,primas_netas_mensual_nominal,365179.57000000007,10201.3475,98574.29500000001,-122358.07375000001,231133.71625000003,1051
2021-06,E018,Rímac,primas_netas_mensual_nominal,411702.5099999998,10201.3475,98574.29500000001,-122358.07375000001,231133.71625000003,1052
2021-07,E018,Rímac,primas_netas_mensual_nominal,391115.4400000004,10201.3475,98574.29500000001,-122358.07375000001,231133.71625000003,1053
2021-08,E018,Rímac,primas_netas_mensual_nominal,427452.63999999966,10201.3475,98574.29500000001,-122358.07375000001,231133.71625000003,1054
2021-09,E018,Rímac,primas_netas_mensual_nominal,399401.3400000003,10201.3475,98574.29500000001,-122358.07375000001,231133.71625000003,1055
2021-10,E018,Rímac,primas_netas_mensual_nominal,456785.48,10201.3475,98574.29500000001,-122358.07375000001,231133.71625000003,1056
2021-11,E018,Rímac,primas_netas_mensual_nominal,604396.6699999999,10201.3475,98574.29500000001,-122358.07375000001,231133.71625000003,1057
2021-12,E018,Rímac,primas_netas_mensual_nominal,611490.8499999996,10201.3475,98574.29500000001,-122358.07375000001,231133.71625000003,1058
2022-01,E018,Rímac,primas_netas_mensual_nominal,494815.4,10201.3475,98574.29500000001,-122358.07375000001,231133.71625000003,1059
2022-02,E018,Rímac,primas_netas_mensual_nominal,423619.51,10201.3475,98574.29500000001,-122358.07375000001,231133.71625000003,1060
2022-03,E018,Rímac,primas_netas_mensual_nominal,449076.0099999999,10201.3475,98574.29500000001,-122358.07375000001,231133.71625000003,1061
2022-04,E018,Rímac,primas_netas_mensual_nominal,362601.07000000007,10201.3475,98574.29500000001,-122358.07375000001,231133.71625000003,1062
2022-05,E018,Rímac,primas_netas_mensual_nominal,366424.05000000005,10201.3475,98574.29500000001,-122358.07375000001,231133.71625000003,1063
2022-06,E018,Rímac,primas_netas_mensual_nominal,447429.73,10201.3475,98574.29500000001,-122358.07375000001,231133.71625000003,1064
2022-07,E018,Rímac,primas_netas_mensual_nominal,410418.68999999994,10201.3475,98574.29500000001,-122358.07375000001,231133.71625000003,1065
2022-08,E018,Rímac,primas_netas_mensual_nominal,406350.14000000013,10201.3475,98574.29500000001,-122358.07375000001,231133.71625000003,1066
2022-09,E018,Rímac,primas_netas_mensual_nominal,436595.3700000001,10201.3475,98574.29500000001,-122358.07375000001,231133.71625000003,1067
2022-10,E018,Rímac,primas_netas_mensual_nominal,485225.81999999983,10201.3475,98574.29500000001,-122358.07375000001,231133.71625000003,1068
2022-11,E018,Rímac,primas_netas_mensual_nominal,571052.25,10201.3475,98574.29500000001,-122358.07375000001,231133.71625000003,1069
2022-12,E018,Rímac,primas_netas_mensual_nominal,702763.9500000002,10201.3475,98574.29500000001,-122358.07375000001,231133.71625000003,1070
2023-01,E018,Rímac,primas_netas_mensual_nominal,472899.56,10201.3475,98574.29500000001,-122358.07375000001,231133.71625000003,1071
2023-02,E018,Rímac,primas_netas_mensual_nominal,511879.44,10201.3475,98574.29500000001,-122358.07375000001,231133.71625000003,1072
2023-03,E018,Rímac,primas_netas_mensual_nominal,489680.9099999999,10201.3475,98574.29500000001,-122358.07375000001,231133.71625000003,1073
2023-04,E018,Rímac,primas_netas_mensual_nominal,449008.6900000002,10201.3475,98574.29500000001,-122358.07375000001,231133.71625000003,1074
2023-05,E018,Rímac,primas_netas_mensual_nominal,407675.5499999998,10201.3475,98574.29500000001,-122358.07375000001,231133.71625000003,1075
2023-06,E018,Rímac,primas_netas_mensual_nominal,487786.76000000024,10201.3475,98574.29500000001,-122358.07375000001,231133.71625000003,1076
2023-07,E018,Rímac,primas_netas_mensual_nominal,391534.6499999999,10201.3475,98574.29500000001,-122358.07375000001,231133.71625000003,1077
2023-08,E018,Rímac,primas_netas_mensual_nominal,391425.77,10201.3475,98574.29500000001,-122358.07375000001,231133.71625000003,1078
2023-09,E018,Rímac,primas_netas_mensual_nominal,452152.5800000001,10201.3475,98574.29500000001,-122358.07375000001,231133.71625000003,1079
2023-10,E018,Rímac,primas_netas_mensual_nominal,461470.7000000002,10201.3475,98574.29500000001,-122358.07375000001,231133.71625000003,1080
2023-11,E018,Rímac,primas_netas_mensual_nominal,578414.46,10201.3475,98574.29500000001,-122358.07375000001,231133.71625000003,1081
2023-12,E018,Rímac,primas_netas_mensual_nominal,855773.3300000001,10201.3475,98574.29500000001,-122358.07375000001,231133.71625000003,1082
2024-01,E018,Rímac,primas_netas_mensual_nominal,491442.5,10201.3475,98574.29500000001,-122358.07375000001,231133.71625000003,1083
2024-02,E018,Rímac,primas_netas_mensual_nominal,480088.70000000007,10201.3475,98574.29500000001,-122358.07375000001,231133.71625000003,1084
2024-03,E018,Rímac,primas_netas_mensual_nominal,528897.5499999999,10201.3475,98574.29500000001,-122358.07375000001,231133.71625000003,1085
2024-04,E018,Rímac,primas_netas_mensual_nominal,479016.42999999993,10201.3475,98574.29500000001,-122358.07375000001,231133.71625000003,1086
2024-05,E018,Rímac,primas_netas_mensual_nominal,448760.67999999993,10201.3475,98574.29500000001,-122358.07375000001,231133.71625000003,1087
2024-06,E018,Rímac,primas_netas_mensual_nominal,549135.2100000004,10201.3475,98574.29500000001,-122358.07375000001,231133.71625000003,1088
2024-07,E018,Rímac,primas_netas_mensual_nominal,472142.73999999976,10201.3475,98574.29500000001,-122358.07375000001,231133.71625000003,1089
2024-08,E018,Rímac,primas_netas_mensual_nominal,473416.20999999996,10201.3475,98574.29500000001,-122358.07375000001,231133.71625000003,1090
2024-09,E018,Rímac,primas_netas_mensual_nominal,483588.77,10201.3475,98574.29500000001,-122358.07375000001,231133.71625000003,1091
2024-10,E018,Rímac,primas_netas_mensual_nominal,440888.8099999996,10201.3475,98574.29500000001,-122358.07375000001,231133.71625000003,1092
2024-11,E018,Rímac,primas_netas_mensual_nominal,559525.0100000007,10201.3475,98574.29500000001,-122358.07375000001,231133.71625000003,1093
2024-12,E018,Rímac,primas_netas_mensual_nominal,801739.8799999999,10201.3475,98574.29500000001,-122358.07375000001,231133.71625000003,1094
2025-01,E018,Rímac,primas_netas_mensual_nominal,513883.8,10201.3475,98574.29500000001,-122358.07375000001,231133.71625000003,1095
2025-02,E018,Rímac,primas_netas_mensual_nominal,509027.71,10201.3475,98574.29500000001,-122358.07375000001,231133.71625000003,1096
2025-03,E018,Rímac,primas_netas_mensual_nominal,531540.3200000001,10201.3475,98574.29500000001,-122358.07375000001,231133.71625000003,1097
2025-04,E018,Rímac,primas_netas_mensual_nominal,502585.72,10201.3475,98574.29500000001,-122358.07375000001,231133.71625000003,1098
2025-05,E018,Rímac,primas_netas_mensual_nominal,464589.8699999999,10201.3475,98574.29500000001,-122358.07375000001,231133.71625000003,1099
2025-06,E018,Rímac,primas_netas_mensual_nominal,621002.54,10201.3475,98574.29500000001,-122358.07375000001,231133.71625000003,1100
2025-07,E018,Rímac,primas_netas_mensual_nominal,590850.23,10201.3475,98574.29500000001,-122358.07375000001,231133.71625000003,1101
2025-08,E018,Rímac,primas_netas_mensual_nominal,553752.7799999998,10201.3475,98574.29500000001,-122358.07375000001,231133.71625000003,1102
2025-09,E018,Rímac,primas_netas_mensual_nominal,557563.4000000004,10201.3475,98574.29500000001,-122358.07375000001,231133.71625000003,1103
2025-10,E018,Rímac,primas_netas_mensual_nominal,665268.71,10201.3475,98574.29500000001,-122358.07375000001,231133.71625000003,1104
2025-11,E018,Rímac,primas_netas_mensual_nominal,548699.04,10201.3475,98574.29500000001,-122358.07375000001,231133.71625000003,1105
2025-12,E018,Rímac,primas_netas_mensual_nominal,776258.79,10201.3475,98574.29500000001,-122358.07375000001,231133.71625000003,1106
2021-10,E008,La Positiva,primas_cedidas_mensual_nominal,97210.39000000001,1202.4900000000002,25235.452499999992,-34846.953749999986,61284.896249999976,466
2022-12,E008,La Positiva,primas_cedidas_mensual_nominal,63494.859999999986,1202.4900000000002,25235.452499999992,-34846.953749999986,61284.896249999976,480
2023-09,E008,La Positiva,primas_cedidas_mensual_nominal,63211.53000000003,1202.4900000000002,25235.452499999992,-34846.953749999986,61284.896249999976,489
2023-10,E008,La Positiva,primas_cedidas_mensual_nominal,62694.57000000001,1202.4900000000002,25235.452499999992,-34846.953749999986,61284.896249999976,490
2023-12,E008,La Positiva,primas_cedidas_mensual_nominal,65771.78999999998,1202.4900000000002,25235.452499999992,-34846.953749999986,61284.896249999976,492
2020-06,E011,Mapfre Perú,primas_cedidas_mensual_nominal,77159.57,1202.4900000000002,25235.452499999992,-34846.953749999986,61284.896249999976,666
2020-07,E011,Mapfre Perú,primas_cedidas_mensual_nominal,79580.32,1202.4900000000002,25235.452499999992,-34846.953749999986,61284.896249999976,667
2021-06,E011,Mapfre Perú,primas_cedidas_mensual_nominal,71502.15000000002,1202.4900000000002,25235.452499999992,-34846.953749999986,61284.896249999976,678
2022-01,E011,Mapfre Perú,primas_cedidas_mensual_nominal,73856.13,1202.4900000000002,25235.452499999992,-34846.953749999986,61284.896249999976,685
2022-02,E011,Mapfre Perú,primas_cedidas_mensual_nominal,100941.65,1202.4900000000002,25235.452499999992,-34846.953749999986,61284.896249999976,686
2022-06,E012,Mapfre Perú,primas_cedidas_mensual_nominal,77258.1,1202.4900000000002,25235.452499999992,-34846.953749999986,61284.896249999976,719
2022-08,E012,Mapfre Perú,primas_cedidas_mensual_nominal,135795.3,1202.4900000000002,25235.452499999992,-34846.953749999986,61284.896249999976,721
2022-09,E012,Mapfre Perú,primas_cedidas_mensual_nominal,72313.77000000002,1202.4900000000002,25235.452499999992,-34846.953749999986,61284.896249999976,722
2022-11,E012,Mapfre Perú,primas_cedidas_mensual_nominal,88313.33000000002,1202.4900000000002,25235.452499999992,-34846.953749999986,61284.896249999976,724
2022-12,E012,Mapfre Perú,primas_cedidas_mensual_nominal,62397.66000000003,1202.4900000000002,25235.452499999992,-34846.953749999986,61284.896249999976,725
2023-01,E012,Mapfre Perú,primas_cedidas_mensual_nominal,65206.19,1202.4900000000002,25235.452499999992,-34846.953749999986,61284.896249999976,726
2023-03,E012,Mapfre Perú,primas_cedidas_mensual_nominal,78501.34,1202.4900000000002,25235.452499999992,-34846.953749999986,61284.896249999976,728
2023-05,E012,Mapfre Perú,primas_cedidas_mensual_nominal,71238.16,1202.4900000000002,25235.452499999992,-34846.953749999986,61284.896249999976,730
2023-06,E012,Mapfre Perú,primas_cedidas_mensual_nominal,74716.27999999997,1202.4900000000002,25235.452499999992,-34846.953749999986,61284.896249999976,731
2023-07,E012,Mapfre Perú,primas_cedidas_mensual_nominal,67726.33000000002,1202.4900000000002,25235.452499999992,-34846.953749999986,61284.896249999976,732
2023-08,E012,Mapfre Perú,primas_cedidas_mensual_nominal,105623.23000000004,1202.4900000000002,25235.452499999992,-34846.953749999986,61284.896249999976,733
2023-09,E012,Mapfre Perú,primas_cedidas_mensual_nominal,120883.29999999993,1202.4900000000002,25235.452499999992,-34846.953749999986,61284.896249999976,734
2023-11,E012,Mapfre Perú,primas_cedidas_mensual_nominal,82430.68999999994,1202.4900000000002,25235.452499999992,-34846.953749999986,61284.896249999976,736
2023-12,E012,Mapfre Perú,primas_cedidas_mensual_nominal,64099.330000000075,1202.4900000000002,25235.452499999992,-34846.953749999986,61284.896249999976,737
2024-01,E012,Mapfre Perú,primas_cedidas_mensual_nominal,76800.18000000001,1202.4900000000002,25235.452499999992,-34846.953749999986,61284.896249999976,738
2024-03,E012,Mapfre Perú,primas_cedidas_mensual_nominal,67068.01,1202.4900000000002,25235.452499999992,-34846.953749999986,61284.896249999976,740
2024-05,E012,Mapfre Perú,primas_cedidas_mensual_nominal,86434.79000000001,1202.4900000000002,25235.452499999992,-34846.953749999986,61284.896249999976,742
2024-08,E012,Mapfre Perú,primas_cedidas_mensual_nominal,80178.72000000003,1202.4900000000002,25235.452499999992,-34846.953749999986,61284.896249999976,745
2024-09,E012,Mapfre Perú,primas_cedidas_mensual_nominal,106947.26999999996,1202.4900000000002,25235.452499999992,-34846.953749999986,61284.896249999976,746
2024-10,E012,Mapfre Perú,primas_cedidas_mensual_nominal,84029.70000000007,1202.4900000000002,25235.452499999992,-34846.953749999986,61284.896249999976,747
2025-01,E012,Mapfre Perú,primas_cedidas_mensual_nominal,86725.57,1202.4900000000002,25235.452499999992,-34846.953749999986,61284.896249999976,750
2025-02,E012,Mapfre Perú,primas_cedidas_mensual_nominal,70773.1,1202.4900000000002,25235.452499999992,-34846.953749999986,61284.896249999976,751
2025-03,E012,Mapfre Perú,primas_cedidas_mensual_nominal,62597.29999999999,1202.4900000000002,25235.452499999992,-34846.953749999986,61284.896249999976,752
2025-07,E012,Mapfre Perú,primas_cedidas_mensual_nominal,68020.84000000003,1202.4900000000002,25235.452499999992,-34846.953749999986,61284.896249999976,756
2025-11,E012,Mapfre Perú,primas_cedidas_mensual_nominal,80459.62,1202.4900000000002,25235.452499999992,-34846.953749999986,61284.896249999976,760
2021-08,E013,Ohio National Vida,primas_cedidas_mensual_nominal,81324.59,1202.4900000000002,25235.452499999992,-34846.953749999986,61284.896249999976,781
2022-04,E013,Ohio National Vida,primas_cedidas_mensual_nominal,63054.17,1202.4900000000002,25235.452499999992,-34846.953749999986,61284.896249999976,789
2020-06,E014,Pacífico Seguros,primas_cedidas_mensual_nominal,70556.62,1202.4900000000002,25235.452499999992,-34846.953749999986,61284.896249999976,839
2020-10,E014,Pacífico Seguros,primas_cedidas_mensual_nominal,86438.96000000002,1202.4900000000002,25235.452499999992,-34846.953749999986,61284.896249999976,843
2020-12,E014,Pacífico Seguros,primas_cedidas_mensual_nominal,74078.52000000002,1202.4900000000002,25235.452499999992,-34846.953749999986,61284.896249999976,845
2021-09,E014,Pacífico Seguros,primas_cedidas_mensual_nominal,76349.20000000001,1202.4900000000002,25235.452499999992,-34846.953749999986,61284.896249999976,854
2021-10,E014,Pacífico Seguros,primas_cedidas_mensual_nominal,71334.02999999997,1202.4900000000002,25235.452499999992,-34846.953749999986,61284.896249999976,855
2021-12,E014,Pacífico Seguros,primas_cedidas_mensual_nominal,136382.41000000003,1202.4900000000002,25235.452499999992,-34846.953749999986,61284.896249999976,857
2022-01,E014,Pacífico Seguros,primas_cedidas_mensual_nominal,118741.9,1202.4900000000002,25235.452499999992,-34846.953749999986,61284.896249999976,858
2022-03,E014,Pacífico Seguros,primas_cedidas_mensual_nominal,64111.139999999985,1202.4900000000002,25235.452499999992,-34846.953749999986,61284.896249999976,860
2022-09,E014,Pacífico Seguros,primas_cedidas_mensual_nominal,78350.38,1202.4900000000002,25235.452499999992,-34846.953749999986,61284.896249999976,866
2022-11,E014,Pacífico Seguros,primas_cedidas_mensual_nominal,117470.31000000006,1202.4900000000002,25235.452499999992,-34846.953749999986,61284.896249999976,868
2022-12,E014,Pacífico Seguros,primas_cedidas_mensual_nominal,67478.3999999999,1202.4900000000002,25235.452499999992,-34846.953749999986,61284.896249999976,869
2023-01,E014,Pacífico Seguros,primas_cedidas_mensual_nominal,106946.6,1202.4900000000002,25235.452499999992,-34846.953749999986,61284.896249999976,870
2023-02,E014,Pacífico Seguros,primas_cedidas_mensual_nominal,77608.03,1202.4900000000002,25235.452499999992,-34846.953749999986,61284.896249999976,871
2023-05,E014,Pacífico Seguros,primas_cedidas_mensual_nominal,84550.97999999998,1202.4900000000002,25235.452499999992,-34846.953749999986,61284.896249999976,874
2023-06,E014,Pacífico Seguros,primas_cedidas_mensual_nominal,76324.35999999999,1202.4900000000002,25235.452499999992,-34846.953749999986,61284.896249999976,875
2023-09,E014,Pacífico Seguros,primas_cedidas_mensual_nominal,95517.48999999999,1202.4900000000002,25235.452499999992,-34846.953749999986,61284.896249999976,878
2023-10,E014,Pacífico Seguros,primas_cedidas_mensual_nominal,65807.15000000002,1202.4900000000002,25235.452499999992,-34846.953749999986,61284.896249999976,879
2023-11,E014,Pacífico Seguros,primas_cedidas_mensual_nominal,93936.76000000001,1202.4900000000002,25235.452499999992,-34846.953749999986,61284.896249999976,880
2023-12,E014,Pacífico Seguros,primas_cedidas_mensual_nominal,108325.16999999993,1202.4900000000002,25235.452499999992,-34846.953749999986,61284.896249999976,881
2024-01,E014,Pacífico Seguros,primas_cedidas_mensual_nominal,129222.09,1202.4900000000002,25235.452499999992,-34846.953749999986,61284.896249999976,882
2024-09,E014,Pacífico Seguros,primas_cedidas_mensual_nominal,79978.98999999999,1202.4900000000002,25235.452499999992,-34846.953749999986,61284.896249999976,890
2024-11,E014,Pacífico Seguros,primas_cedidas_mensual_nominal,106673.43,1202.4900000000002,25235.452499999992,-34846.953749999986,61284.896249999976,892
2024-12,E014,Pacífico Seguros,primas_cedidas_mensual_nominal,94973.81000000006,1202.4900000000002,25235.452499999992,-34846.953749999986,61284.896249999976,893
2025-01,E014,Pacífico Seguros,primas_cedidas_mensual_nominal,137042.22,1202.4900000000002,25235.452499999992,-34846.953749999986,61284.896249999976,894
2025-09,E014,Pacífico Seguros,primas_cedidas_mensual_nominal,76603.33000000002,1202.4900000000002,25235.452499999992,-34846.953749999986,61284.896249999976,902
2025-11,E014,Pacífico Seguros,primas_cedidas_mensual_nominal,81987.30000000005,1202.4900000000002,25235.452499999992,-34846.953749999986,61284.896249999976,904
2025-12,E014,Pacífico Seguros,primas_cedidas_mensual_nominal,84684.77999999991,1202.4900000000002,25235.452499999992,-34846.953749999986,61284.896249999976,905
2020-01,E018,Rímac,primas_cedidas_mensual_nominal,116063.84,1202.4900000000002,25235.452499999992,-34846.953749999986,61284.896249999976,1035
2020-02,E018,Rímac,primas_cedidas_mensual_nominal,142701.24,1202.4900000000002,25235.452499999992,-34846.953749999986,61284.896249999976,1036
2020-03,E018,Rímac,primas_cedidas_mensual_nominal,94517.63999999998,1202.4900000000002,25235.452499999992,-34846.953749999986,61284.896249999976,1037
2020-04,E018,Rímac,primas_cedidas_mensual_nominal,141131.25,1202.4900000000002,25235.452499999992,-34846.953749999986,61284.896249999976,1038
2020-05,E018,Rímac,primas_cedidas_mensual_nominal,106933.31000000006,1202.4900000000002,25235.452499999992,-34846.953749999986,61284.896249999976,1039
2020-06,E018,Rímac,primas_cedidas_mensual_nominal,139470.40999999992,1202.4900000000002,25235.452499999992,-34846.953749999986,61284.896249999976,1040
2020-07,E018,Rímac,primas_cedidas_mensual_nominal,99194.67000000004,1202.4900000000002,25235.452499999992,-34846.953749999986,61284.896249999976,1041
2020-08,E018,Rímac,primas_cedidas_mensual_nominal,95496.79000000004,1202.4900000000002,25235.452499999992,-34846.953749999986,61284.896249999976,1042
2020-09,E018,Rímac,primas_cedidas_mensual_nominal,103709.75,1202.4900000000002,25235.452499999992,-34846.953749999986,61284.896249999976,1043
2020-10,E018,Rímac,primas_cedidas_mensual_nominal,87105.59999999998,1202.4900000000002,25235.452499999992,-34846.953749999986,61284.896249999976,1044
2020-11,E018,Rímac,primas_cedidas_mensual_nominal,211241.3500000001,1202.4900000000002,25235.452499999992,-34846.953749999986,61284.896249999976,1045
2020-12,E018,Rímac,primas_cedidas_mensual_nominal,173047.52000000002,1202.4900000000002,25235.452499999992,-34846.953749999986,61284.896249999976,1046
2021-01,E018,Rímac,primas_cedidas_mensual_nominal,169113.55,1202.4900000000002,25235.452499999992,-34846.953749999986,61284.896249999976,1047
2021-02,E018,Rímac,primas_cedidas_mensual_nominal,140383.60000000003,1202.4900000000002,25235.452499999992,-34846.953749999986,61284.896249999976,1048
2021-03,E018,Rímac,primas_cedidas_mensual_nominal,125656.08999999997,1202.4900000000002,25235.452499999992,-34846.953749999986,61284.896249999976,1049
2021-04,E018,Rímac,primas_cedidas_mensual_nominal,132741.04000000004,1202.4900000000002,25235.452499999992,-34846.953749999986,61284.896249999976,1050
2021-05,E018,Rímac,primas_cedidas_mensual_nominal,129961.87,1202.4900000000002,25235.452499999992,-34846.953749999986,61284.896249999976,1051
2021-06,E018,Rímac,primas_cedidas_mensual_nominal,153279.52000000002,1202.4900000000002,25235.452499999992,-34846.953749999986,61284.896249999976,1052
2021-07,E018,Rímac,primas_cedidas_mensual_nominal,110553.85999999999,1202.4900000000002,25235.452499999992,-34846.953749999986,61284.896249999976,1053
2021-08,E018,Rímac,primas_cedidas_mensual_nominal,144847.32000000007,1202.4900000000002,25235.452499999992,-34846.953749999986,61284.896249999976,1054
2021-09,E018,Rímac,primas_cedidas_mensual_nominal,112912.44999999995,1202.4900000000002,25235.452499999992,-34846.953749999986,61284.896249999976,1055
2021-10,E018,Rímac,primas_cedidas_mensual_nominal,196654.6499999999,1202.4900000000002,25235.452499999992,-34846.953749999986,61284.896249999976,1056
2021-11,E018,Rímac,primas_cedidas_mensual_nominal,273871.98,1202.4900000000002,25235.452499999992,-34846.953749999986,61284.896249999976,1057
2021-12,E018,Rímac,primas_cedidas_mensual_nominal,229168.29000000004,1202.4900000000002,25235.452499999992,-34846.953749999986,61284.896249999976,1058
2022-01,E018,Rímac,primas_cedidas_mensual_nominal,199257.63,1202.4900000000002,25235.452499999992,-34846.953749999986,61284.896249999976,1059
2022-02,E018,Rímac,primas_cedidas_mensual_nominal,170893.7,1202.4900000000002,25235.452499999992,-34846.953749999986,61284.896249999976,1060
2022-03,E018,Rímac,primas_cedidas_mensual_nominal,158191.10999999993,1202.4900000000002,25235.452499999992,-34846.953749999986,61284.896249999976,1061
2022-04,E018,Rímac,primas_cedidas_mensual_nominal,124465.69000000006,1202.4900000000002,25235.452499999992,-34846.953749999986,61284.896249999976,1062
2022-05,E018,Rímac,primas_cedidas_mensual_nominal,121735.05999999994,1202.4900000000002,25235.452499999992,-34846.953749999986,61284.896249999976,1063
2022-06,E018,Rímac,primas_cedidas_mensual_nominal,156396.45000000007,1202.4900000000002,25235.452499999992,-34846.953749999986,61284.896249999976,1064
2022-07,E018,Rímac,primas_cedidas_mensual_nominal,112203.22999999998,1202.4900000000002,25235.452499999992,-34846.953749999986,61284.896249999976,1065
2022-08,E018,Rímac,primas_cedidas_mensual_nominal,129054.21000000008,1202.4900000000002,25235.452499999992,-34846.953749999986,61284.896249999976,1066
2022-09,E018,Rímac,primas_cedidas_mensual_nominal,144531.22999999998,1202.4900000000002,25235.452499999992,-34846.953749999986,61284.896249999976,1067
2022-10,E018,Rímac,primas_cedidas_mensual_nominal,204284.46999999997,1202.4900000000002,25235.452499999992,-34846.953749999986,61284.896249999976,1068
2022-11,E018,Rímac,primas_cedidas_mensual_nominal,242900.94999999995,1202.4900000000002,25235.452499999992,-34846.953749999986,61284.896249999976,1069
2022-12,E018,Rímac,primas_cedidas_mensual_nominal,292969.67999999993,1202.4900000000002,25235.452499999992,-34846.953749999986,61284.896249999976,1070
2023-01,E018,Rímac,primas_cedidas_mensual_nominal,156103.04,1202.4900000000002,25235.452499999992,-34846.953749999986,61284.896249999976,1071
2023-02,E018,Rímac,primas_cedidas_mensual_nominal,205274.17,1202.4900000000002,25235.452499999992,-34846.953749999986,61284.896249999976,1072
2023-03,E018,Rímac,primas_cedidas_mensual_nominal,181539.35000000003,1202.4900000000002,25235.452499999992,-34846.953749999986,61284.896249999976,1073
2023-04,E018,Rímac,primas_cedidas_mensual_nominal,178784.1499999999,1202.4900000000002,25235.452499999992,-34846.953749999986,61284.896249999976,1074
2023-05,E018,Rímac,primas_cedidas_mensual_nominal,127113.89000000001,1202.4900000000002,25235.452499999992,-34846.953749999986,61284.896249999976,1075
2023-06,E018,Rímac,primas_cedidas_mensual_nominal,188482.96000000008,1202.4900000000002,25235.452499999992,-34846.953749999986,61284.896249999976,1076
2023-07,E018,Rímac,primas_cedidas_mensual_nominal,120805.02000000002,1202.4900000000002,25235.452499999992,-34846.953749999986,61284.896249999976,1077
2023-08,E018,Rímac,primas_cedidas_mensual_nominal,101964.93999999994,1202.4900000000002,25235.452499999992,-34846.953749999986,61284.896249999976,1078
2023-09,E018,Rímac,primas_cedidas_mensual_nominal,143110.56000000006,1202.4900000000002,25235.452499999992,-34846.953749999986,61284.896249999976,1079
2023-10,E018,Rímac,primas_cedidas_mensual_nominal,166047.68999999994,1202.4900000000002,25235.452499999992,-34846.953749999986,61284.896249999976,1080
2023-11,E018,Rímac,primas_cedidas_mensual_nominal,217963.36999999988,1202.4900000000002,25235.452499999992,-34846.953749999986,61284.896249999976,1081
2023-12,E018,Rímac,primas_cedidas_mensual_nominal,426310.17000000016,1202.4900000000002,25235.452499999992,-34846.953749999986,61284.896249999976,1082
2024-01,E018,Rímac,primas_cedidas_mensual_nominal,152633.85,1202.4900000000002,25235.452499999992,-34846.953749999986,61284.896249999976,1083
2024-02,E018,Rímac,primas_cedidas_mensual_nominal,175152.37000000002,1202.4900000000002,25235.452499999992,-34846.953749999986,61284.896249999976,1084
2024-03,E018,Rímac,primas_cedidas_mensual_nominal,181840.71999999997,1202.4900000000002,25235.452499999992,-34846.953749999986,61284.896249999976,1085
2024-04,E018,Rímac,primas_cedidas_mensual_nominal,143773.26999999996,1202.4900000000002,25235.452499999992,-34846.953749999986,61284.896249999976,1086
2024-05,E018,Rímac,primas_cedidas_mensual_nominal,124159.44000000006,1202.4900000000002,25235.452499999992,-34846.953749999986,61284.896249999976,1087
2024-06,E018,Rímac,primas_cedidas_mensual_nominal,213272.78000000003,1202.4900000000002,25235.452499999992,-34846.953749999986,61284.896249999976,1088
2024-07,E018,Rímac,primas_cedidas_mensual_nominal,143690.22999999986,1202.4900000000002,25235.452499999992,-34846.953749999986,61284.896249999976,1089
2024-08,E018,Rímac,primas_cedidas_mensual_nominal,126606.26000000001,1202.4900000000002,25235.452499999992,-34846.953749999986,61284.896249999976,1090
2024-09,E018,Rímac,primas_cedidas_mensual_nominal,116134.8600000001,1202.4900000000002,25235.452499999992,-34846.953749999986,61284.896249999976,1091
2024-10,E018,Rímac,primas_cedidas_mensual_nominal,133224.74,1202.4900000000002,25235.452499999992,-34846.953749999986,61284.896249999976,1092
2024-11,E018,Rímac,primas_cedidas_mensual_nominal,142851.08999999985,1202.4900000000002,25235.452499999992,-34846.953749999986,61284.896249999976,1093
2024-12,E018,Rímac,primas_cedidas_mensual_nominal,374146.07000000007,1202.4900000000002,25235.452499999992,-34846.953749999986,61284.896249999976,1094
2025-01,E018,Rímac,primas_cedidas_mensual_nominal,133557.53,1202.4900000000002,25235.452499999992,-34846.953749999986,61284.896249999976,1095
2025-02,E018,Rímac,primas_cedidas_mensual_nominal,168464.73,1202.4900000000002,25235.452499999992,-34846.953749999986,61284.896249999976,1096
2025-03,E018,Rímac,primas_cedidas_mensual_nominal,144458.09999999998,1202.4900000000002,25235.452499999992,-34846.953749999986,61284.896249999976,1097
2025-04,E018,Rímac,primas_cedidas_mensual_nominal,158949.38,1202.4900000000002,25235.452499999992,-34846.953749999986,61284.896249999976,1098
2025-05,E018,Rímac,primas_cedidas_mensual_nominal,115529.81000000006,1202.4900000000002,25235.452499999992,-34846.953749999986,61284.896249999976,1099
2025-06,E018,Rímac,primas_cedidas_mensual_nominal,261294.92999999993,1202.4900000000002,25235.452499999992,-34846.953749999986,61284.896249999976,1100
2025-07,E018,Rímac,primas_cedidas_mensual_nominal,172044.20999999996,1202.4900000000002,25235.452499999992,-34846.953749999986,61284.896249999976,1101
2025-08,E018,Rímac,primas_cedidas_mensual_nominal,133878.34000000008,1202.4900000000002,25235.452499999992,-34846.953749999986,61284.896249999976,1102
2025-09,E018,Rímac,primas_cedidas_mensual_nominal,124207.59000000008,1202.4900000000002,25235.452499999992,-34846.953749999986,61284.896249999976,1103
2025-10,E018,Rímac,primas_cedidas_mensual_nominal,176248.3799999999,1202.4900000000002,25235.452499999992,-34846.953749999986,61284.896249999976,1104
2025-11,E018,Rímac,primas_cedidas_mensual_nominal,139963.0,1202.4900000000002,25235.452499999992,-34846.953749999986,61284.896249999976,1105
2025-12,E018,Rímac,primas_cedidas_mensual_nominal,291328.1100000001,1202.4900000000002,25235.452499999992,-34846.953749999986,61284.896249999976,1106
