periodo,n_empresas,empresas
2020-01,20,E001: AVLA Perú; E002: Cardif; E003: Chubb Seguros; E004: Coface Seguros; E005: Crecer Seguros; E006: Insur; E007: Interseguro; E008: La Positiva; E009: La Positiva Vida; E010: Liberty Seguros; E011: Mapfre Perú; E012: Mapfre Perú Vida; E013: Ohio National Vida; E014: Pacífico Seguros; E015: Protecta; E016: Qualitas; E017: Rigel; E018: Rímac; E019: Secrex; E020: Vida Cámara
2020-02,20,E001: AVLA Perú; E002: Cardif; E003: Chubb Seguros; E004: Coface Seguros; E005: Crecer Seguros; E006: Insur; E007: Interseguro; E008: La Positiva; E009: La Positiva Vida; E010: Liberty Seguros; E011: Mapfre Perú; E012: Mapfre Perú Vida; E013: Ohio National Vida; E014: Pacífico Seguros; E015: Protecta; E016: Qualitas; E017: Rigel; E018: Rímac; E019: Secrex; E020: Vida Cámara
2020-03,20,E001: AVLA Perú; E002: Cardif; E003: Chubb Seguros; E004: Coface Seguros; E005: Crecer Seguros; E006: Insur; E007: Interseguro; E008: La Positiva; E009: La Positiva Vida; E010: Liberty Seguros; E011: Mapfre Perú; E012: Mapfre Perú Vida; E013: Ohio National Vida; E014: Pacífico Seguros; E015: Protecta; E016: Qualitas; E017: Rigel; E018: Rímac; E019: Secrex; E020: Vida Cámara
2020-04,20,E001: AVLA Perú; E002: Cardif; E003: Chubb Seguros; E004: Coface Seguros; E005: Crecer Seguros; E006: Insur; E007: Interseguro; E008: La Positiva; E009: La Positiva Vida; E010: Liberty Seguros; E011: Mapfre Perú; E012: Mapfre Perú Vida; E013: Ohio National Vida; E014: Pacífico Seguros; E015: Protecta; E016: Qualitas; E017: Rigel; E018: Rímac; E019: Secrex; E020: Vida Cámara
2020-05,20,E001: AVLA Perú; E002: Cardif; E003: Chubb Seguros; E004: Coface Seguros; E005: Crecer Seguros; E006: Insur; E007: Interseguro; E008: La Positiva; E009: La Positiva Vida; E010: Liberty Seguros; E011: Mapfre Perú; E012: Mapfre Perú Vida; E013: Ohio National Vida; E014: Pacífico Seguros; E015: Protecta; E016: Qualitas; E017: Rigel; E018: Rímac; E019: Secrex; E020: Vida Cámara
2020-06,20,E001: AVLA Perú; E002: Cardif; E003: Chubb Seguros; E004: Coface Seguros; E005: Crecer Seguros; E006: Insur; E007: Interseguro; E008: La Positiva; E009: La Positiva Vida; E010: Liberty Seguros; E011: Mapfre Perú; E012: Mapfre Perú Vida; E013: Ohio National Vida; E014: Pacífico Seguros; E015: Protecta; E016: Qualitas; E017: Rigel; E018: Rímac; E019: Secrex; E020: Vida Cámara
2020-07,20,E001: AVLA Perú; E002: Cardif; E003: Chubb Seguros; E004: Coface Seguros; E005: Crecer Seguros; E006: Insur; E007: Interseguro; E008: La Positiva; E009: La Positiva Vida; E010: Liberty Seguros; E011: Mapfre Perú; E012: Mapfre Perú Vida; E013: Ohio National Vida; E014: Pacífico Seguros; E015: Protecta; E016: Qualitas; E017: Rigel; E018: Rímac; E019: Secrex; E020: Vida Cámara
2020-08,20,E001: AVLA Perú; E002: Cardif; E003: Chubb Seguros; E004: Coface Seguros; E005: Crecer Seguros; E006: Insur; E007: Interseguro; E008: La Positiva; E009: La Positiva Vida; E010: Liberty Seguros; E011: Mapfre Perú; E012: Mapfre Perú Vida; E013: Ohio National Vida; E014: Pacífico Seguros; E015: Protecta; E016: Qualitas; E017: Rigel; E018: Rímac; E019: Secrex; E020: Vida Cámara
2020-09,20,E001: AVLA Perú; E002: Cardif; E003: Chubb Seguros; E004: Coface Seguros; E005: Crecer Seguros; E006: Insur; E007: Interseguro; E008: La Positiva; E009: La Positiva Vida; E010: Liberty Seguros; E011: Mapfre Perú; E012: Mapfre Perú Vida; E013: Ohio National Vida; E014: Pacífico Seguros; E015: Protecta; E016: Qualitas; E017: Rigel; E018: Rímac; E019: Secrex; E020: Vida Cámara
2020-10,20,E001: AVLA Perú; E002: Cardif; E003: Chubb Seguros; E004: Coface Seguros; E005: Crecer Seguros; E006: Insur; E007: Interseguro; E008: La Positiva; E009: La Positiva Vida; E010: Liberty Seguros; E011: Mapfre Perú; E012: Mapfre Perú Vida; E013: Ohio National Vida; E014: Pacífico Seguros; E015: Protecta; E016: Qualitas; E017: Rigel; E018: Rímac; E019: Secrex; E020: Vida Cámara
2020-11,20,E001: AVLA Perú; E002: Cardif; E003: Chubb Seguros; E004: Coface Seguros; E005: Crecer Seguros; E006: Insur; E007: Interseguro; E008: La Positiva; E009: La Positiva Vida; E010: Liberty Seguros; E011: Mapfre Perú; E012: Mapfre Perú Vida; E013: Ohio National Vida; E014: Pacífico Seguros; E015: Protecta; E016: Qualitas; E017: Rigel; E018: Rímac; E019: Secrex; E020: Vida Cámara
2020-12,20,E001: AVLA Perú; E002: Cardif; E003: Chubb Seguros; E004: Coface Seguros; E005: Crecer Seguros; E006: Insur; E007: Interseguro; E008: La Positiva; E009: La Positiva Vida; E010: Liberty Seguros; E011: Mapfre Perú; E012: Mapfre Perú Vida; E013: Ohio National Vida; E014: Pacífico Seguros; E015: Protecta; E016: Qualitas; E017: Rigel; E018: Rímac; E019: Secrex; E020: Vida Cámara
2021-01,18,E001: AVLA Perú; E002: Cardif; E003: Chubb Seguros; E005: Crecer Seguros; E006: Insur; E007: Interseguro; E008: La Positiva; E009: La Positiva Vida; E010: Liberty Seguros; E011: Mapfre Perú; E012: Mapfre Perú Vida; E013: Ohio National Vida; E014: Pacífico Seguros; E015: Protecta; E016: Qualitas; E018: Rímac; E019: Secrex; E020: Vivir Seguros
2021-02,18,E001: AVLA Perú; E002: Cardif; E003: Chubb Seguros; E005: Crecer Seguros; E006: Insur; E007: Interseguro; E008: La Positiva; E009: La Positiva Vida; E010: Liberty Seguros; E011: Mapfre Perú; E012: Mapfre Perú Vida; E013: Ohio National Vida; E014: Pacífico Seguros; E015: Protecta; E016: Qualitas; E018: Rímac; E019: Secrex; E020: Vivir Seguros
2021-03,18,E001: AVLA Perú; E002: Cardif; E003: Chubb Seguros; E005: Crecer Seguros; E006: Insur; E007: Interseguro; E008: La Positiva; E009: La Positiva Vida; E010: Liberty Seguros; E011: Mapfre Perú; E012: Mapfre Perú Vida; E013: Ohio National Vida; E014: Pacífico Seguros; E015: Protecta; E016: Qualitas; E018: Rímac; E019: Secrex; E020: Vivir Seguros
2021-04,18,E001: AVLA Perú; E002: Cardif; E003: Chubb Seguros; E005: Crecer Seguros; E006: Insur; E007: Interseguro; E008: La Positiva; E009: La Positiva Vida; E010: Liberty Seguros; E011: Mapfre Perú; E012: Mapfre Perú Vida; E013: Ohio National Vida; E014: Pacífico Seguros; E015: Protecta; E016: Qualitas; E018: Rímac; E019: Secrex; E020: Vivir Seguros
2021-05,18,E001: AVLA Perú; E002: Cardif; E003: Chubb Seguros; E005: Crecer Seguros; E006: Insur; E007: Interseguro; E008: La Positiva; E009: La Positiva Vida; E010: Liberty Seguros; E011: Mapfre Perú; E012: Mapfre Perú Vida; E013: Ohio National Vida; E014: Pacífico Seguros; E015: Protecta; E016: Qualitas; E018: Rímac; E019: Secrex; E020: Vivir Seguros
2021-06,18,E001: AVLA Perú; E002: Cardif; E003: Chubb Seguros; E005: Crecer Seguros; E006: Insur; E007: Interseguro; E008: La Positiva; E009: La Positiva Vida; E010: Liberty Seguros; E011: Mapfre Perú; E012: Mapfre Perú Vida; E013: Ohio National Vida; E014: Pacífico Seguros; E015: Protecta; E016: Qualitas; E018: Rímac; E019: Secrex; E020: Vivir Seguros
2021-07,18,E001: AVLA Perú; E002: Cardif; E003: Chubb Seguros; E005: Crecer Seguros; E006: Insur; E007: Interseguro; E008: La Positiva; E009: La Positiva Vida; E010: Liberty Seguros; E011: Mapfre Perú; E012: Mapfre Perú Vida; E013: Ohio National Vida; E014: Pacífico Seguros; E015: Protecta; E016: Qualitas; E018: Rímac; E019: Secrex; E020: Vivir Seguros
2021-08,18,E001: AVLA Perú; E002: Cardif; E003: Chubb Seguros; E005: Crecer Seguros; E006: Insur; E007: Interseguro; E008: La Positiva; E009: La Positiva Vida; E010: Liberty Seguros; E011: Mapfre Perú; E012: Mapfre Perú Vida; E013: Ohio National Vida; E014: Pacífico Seguros; E015: Protecta; E016: Qualitas; E018: Rímac; E019: Secrex; E020: Vivir Seguros
2021-09,18,E001: AVLA Perú; E002: Cardif; E003: Chubb Seguros; E005: Crecer Seguros; E006: Insur; E007: Interseguro; E008: La Positiva; E009: La Positiva Vida; E010: Liberty Seguros; E011: Mapfre Perú; E012: Mapfre Perú Vida; E013: Ohio National Vida; E014: Pacífico Seguros; E015: Protecta; E016: Qualitas; E018: Rímac; E019: Secrex; E020: Vivir Seguros
2021-10,18,E001: AVLA Perú; E002: Cardif; E003: Chubb Seguros; E005: Crecer Seguros; E006: Insur; E007: Interseguro; E008: La Positiva; E009: La Positiva Vida; E010: Liberty Seguros; E011: Mapfre Perú; E012: Mapfre Perú Vida; E013: Ohio National Vida; E014: Pacífico Seguros; E015: Protecta; E016: Qualitas; E018: Rímac; E019: Secrex; E020: Vivir Seguros
2021-11,18,E001: AVLA Perú; E002: Cardif; E003: Chubb Seguros; E005: Crecer Seguros; E006: Insur; E007: Interseguro; E008: La Positiva; E009: La Positiva Vida; E010: Liberty Seguros; E011: Mapfre Perú; E012: Mapfre Perú Vida; E013: Ohio National Vida; E014: Pacífico Seguros; E015: Protecta; E016: Qualitas; E018: Rímac; E019: Secrex; E020: Vivir Seguros
2021-12,18,E001: AVLA Perú; E002: Cardif; E003: Chubb Seguros; E005: Crecer Seguros; E006: Insur; E007: Interseguro; E008: La Positiva; E009: La Positiva Vida; E010: Liberty Seguros; E011: Mapfre Perú; E012: Mapfre Perú Vida; E013: Ohio National Vida; E014: Pacífico Seguros; E015: Protecta; E016: Qualitas; E018: Rímac; E019: Secrex; E020: Vivir Seguros
2022-01,18,E001: AVLA Perú; E002: Cardif; E003: Chubb Seguros; E005: Crecer Seguros; E006: Insur; E007: Interseguro; E008: La Positiva; E009: La Positiva Vida; E010: Liberty Seguros; E011: Mapfre Perú; E012: Mapfre Perú Vida; E013: Ohio National Vida; E014: Pacífico Seguros; E015: Protecta; E016: Qualitas; E018: Rímac; E019: Secrex; E020: Vivir Seguros
2022-02,18,E001: AVLA Perú; E002: Cardif; E003: Chubb Seguros; E005: Crecer Seguros; E006: Insur; E007: Interseguro; E008: La Positiva; E009: La Positiva Vida; E010: Liberty Seguros; E011: Mapfre Perú; E012: Mapfre Perú Vida; E013: Ohio National Vida; E014: Pacífico Seguros; E015: Protecta; E016: Qualitas; E018: Rímac; E019: Secrex; E020: Vivir Seguros
2022-03,18,E001: AVLA Perú; E002: Cardif; E003: Chubb Seguros; E005: Crecer Seguros; E006: Insur; E007: Interseguro; E008: La Positiva; E009: La Positiva Vida; E010: Liberty Seguros; E011: Mapfre Perú; E012: Mapfre Perú Vida; E013: Ohio National Vida; E014: Pacífico Seguros; E015: Protecta; E016: Qualitas; E018: Rímac; E019: Secrex; E020: Vivir Seguros
2022-04,18,E001: AVLA Perú; E002: Cardif; E003: Chubb Seguros; E005: Crecer Seguros; E006: Insur; E007: Interseguro; E008: La Positiva; E009: La Positiva Vida; E010: Liberty Seguros; E011: Mapfre Perú; E012: Mapfre Perú Vida; E013: Ohio National Vida; E014: Pacífico Seguros; E015: Protecta; E016: Qualitas; E018: Rímac; E019: Secrex; E020: Vivir Seguros
2022-05,18,E001: AVLA Perú; E002: Cardif; E003: Chubb Seguros; E005: Crecer Seguros; E006: Insur; E007: Interseguro; E008: La Positiva; E009: La Positiva Vida; E010: Liberty Seguros; E011: Mapfre Perú; E012: Mapfre Perú Vida; E013: Ohio National Vida; E014: Pacífico Seguros; E015: Protecta; E016: Qualitas; E018: Rímac; E019: Secrex; E020: Vivir Seguros
2022-06,17,E001: AVLA Perú; E002: Cardif; E003: Chubb Seguros; E005: Crecer Seguros; E006: Insur; E007: Interseguro; E008: La Positiva; E009: La Positiva Vida; E010: Liberty Seguros; E012: Mapfre Perú; E013: Ohio National Vida; E014: Pacífico Seguros; E015: Protecta; E016: Qualitas; E018: Rímac; E019: Secrex; E020: Vivir Seguros
2022-07,17,E001: AVLA Perú; E002: Cardif; E003: Chubb Seguros; E005: Crecer Seguros; E006: Insur; E007: Interseguro; E008: La Positiva; E009: La Positiva Vida; E010: Liberty Seguros; E012: Mapfre Perú; E013: Ohio National Vida; E014: Pacífico Seguros; E015: Protecta; E016: Qualitas; E018: Rímac; E019: Secrex; E020: Vivir Seguros
2022-08,17,E001: AVLA Perú; E002: Cardif; E003: Chubb Seguros; E005: Crecer Seguros; E006: Insur; E007: Interseguro; E008: La Positiva; E009: La Positiva Vida; E010: Liberty Seguros; E012: Mapfre Perú; E013: Ohio National Vida; E014: Pacífico Seguros; E015: Protecta; E016: Qualitas; E018: Rímac; E019: Secrex; E020: Vivir Seguros
2022-09,17,E001: AVLA Perú; E002: Cardif; E003: Chubb Seguros; E005: Crecer Seguros; E006: Insur; E007: Interseguro; E008: La Positiva; E009: La Positiva Vida; E010: Liberty Seguros; E012: Mapfre Perú; E013: Ohio National Vida; E014: Pacífico Seguros; E015: Protecta; E016: Qualitas; E018: Rímac; E019: Secrex; E020: Vivir Seguros
2022-10,17,E001: AVLA Perú; E002: Cardif; E003: Chubb Seguros; E005: Crecer Seguros; E006: Insur; E007: Interseguro; E008: La Positiva; E009: La Positiva Vida; E010: Liberty Seguros; E012: Mapfre Perú; E013: Ohio National Vida; E014: Pacífico Seguros; E015: Protecta; E016: Qualitas; E018: Rímac; E019: Secrex; E020: Vivir Seguros
2022-11,17,E001: AVLA Perú; E002: Cardif; E003: Chubb Seguros; E005: Crecer Seguros; E006: Insur; E007: Interseguro; E008: La Positiva; E009: La Positiva Vida; E010: Liberty Seguros; E012: Mapfre Perú; E013: Ohio National Vida; E014: Pacífico Seguros; E015: Protecta; E016: Qualitas; E018: Rímac; E019: Secrex; E020: Vivir Seguros
2022-12,17,E001: AVLA Perú; E002: Cardif; E003: Chubb Seguros; E005: Crecer Seguros; E006: Insur; E007: Interseguro; E008: La Positiva; E009: La Positiva Vida; E010: Liberty Seguros; E012: Mapfre Perú; E013: Ohio National Vida; E014: Pacífico Seguros; E015: Protecta; E016: Qualitas; E018: Rímac; E019: Secrex; E020: Vivir Seguros
2023-01,17,E001: AVLA Perú; E002: Cardif; E003: Chubb Seguros; E005: Crecer Seguros; E006: Insur; E007: Interseguro; E008: La Positiva; E009: La Positiva Vida; E010: Liberty Seguros; E012: Mapfre Perú; E013: Ohio National Vida; E014: Pacífico Seguros; E015: Protecta; E016: Qualitas; E018: Rímac; E019: Secrex; E020: Vivir Seguros
2023-02,17,E001: AVLA Perú; E002: Cardif; E003: Chubb Seguros; E005: Crecer Seguros; E006: Insur; E007: Interseguro; E008: La Positiva; E009: La Positiva Vida; E010: Liberty Seguros; E012: Mapfre Perú; E013: Ohio National Vida; E014: Pacífico Seguros; E015: Protecta; E016: Qualitas; E018: Rímac; E019: Secrex; E020: Vivir Seguros
2023-03,17,E001: AVLA Perú; E002: Cardif; E003: Chubb Seguros; E005: Crecer Seguros; E006: Insur; E007: Interseguro; E008: La Positiva; E009: La Positiva Vida; E010: Liberty Seguros; E012: Mapfre Perú; E013: Ohio National Vida; E014: Pacífico Seguros; E015: Protecta; E016: Qualitas; E018: Rímac; E019: Secrex; E020: Vivir Seguros
2023-04,17,E001: AVLA Perú; E002: Cardif; E003: Chubb Seguros; E005: Crecer Seguros; E006: Insur; E007: Interseguro; E008: La Positiva; E009: La Positiva Vida; E010: Liberty Seguros; E012: Mapfre Perú; E013: Ohio National Vida; E014: Pacífico Seguros; E015: Protecta; E016: Qualitas; E018: Rímac; E019: Secrex; E020: Vivir Seguros
2023-05,17,E001: AVLA Perú; E002: Cardif; E003: Chubb Seguros; E005: Crecer Seguros; E006: Insur; E007: Interseguro; E008: La Positiva; E009: La Positiva Vida; E010: Liberty Seguros; E012: Mapfre Perú; E013: Ohio National Vida; E014: Pacífico Seguros; E015: Protecta; E016: Qualitas; E018: Rímac; E019: Secrex; E020: Vivir Seguros
2023-06,17,E001: AVLA Perú; E002: Cardif; E003: Chubb Seguros; E005: Crecer Seguros; E006: Insur; E007: Interseguro; E008: La Positiva; E009: La Positiva Vida; E010: Liberty Seguros; E012: Mapfre Perú; E013: Ohio National Vida; E014: Pacífico Seguros; E015: Protecta; E016: Qualitas; E018: Rímac; E019: Secrex; E020: Vivir Seguros
2023-07,17,E001: AVLA Perú; E002: Cardif; E003: Chubb Seguros; E005: Crecer Seguros; E006: Insur; E007: Interseguro; E008: La Positiva; E009: La Positiva Vida; E010: Liberty Seguros; E012: Mapfre Perú; E013: Ohio National Vida; E014: Pacífico Seguros; E015: Protecta; E016: Qualitas; E018: Rímac; E019: Secrex; E020: Vivir Seguros
2023-08,17,E001: AVLA Perú; E002: Cardif; E003: Chubb Seguros; E005: Crecer Seguros; E006: Insur; E007: Interseguro; E008: La Positiva; E009: La Positiva Vida; E010: Liberty Seguros; E012: Mapfre Perú; E013: Ohio National Vida; E014: Pacífico Seguros; E015: Protecta; E016: Qualitas; E018: Rímac; E019: Secrex; E020: Vivir Seguros
2023-09,17,E001: AVLA Perú; E002: Cardif; E003: Chubb Seguros; E005: Crecer Seguros; E006: Insur; E007: Interseguro; E008: La Positiva; E009: La Positiva Vida; E010: Liberty Seguros; E012: Mapfre Perú; E013: Ohio National Vida; E014: Pacífico Seguros; E015: Protecta; E016: Qualitas; E018: Rímac; E019: Secrex; E020: Vivir Seguros
2023-10,17,E001: AVLA Perú; E002: Cardif; E003: Chubb Seguros; E005: Crecer Seguros; E006: Insur; E007: Interseguro; E008: La Positiva; E009: La Positiva Vida; E010: Liberty Seguros; E012: Mapfre Perú; E013: Ohio National Vida; E014: Pacífico Seguros; E015: Protecta; E018: Rímac; E019: Secrex; E020: Vivir Seguros; E021: Quálitas
2023-11,17,E001: AVLA Perú; E002: Cardif; E003: Chubb Seguros; E005: Crecer Seguros; E006: Insur; E007: Interseguro; E008: La Positiva; E009: La Positiva Vida; E010: Liberty Seguros; E012: Mapfre Perú; E013: Ohio National Vida; E014: Pacífico Seguros; E015: Protecta; E018: Rímac; E019: Secrex; E020: Vivir Seguros; E021: Quálitas
2023-12,17,E001: AVLA Perú; E002: Cardif; E003: Chubb Seguros; E005: Crecer Seguros; E006: Insur; E007: Interseguro; E008: La Positiva; E009: La Positiva Vida; E010: Liberty Seguros; E012: Mapfre Perú; E013: Ohio National Vida; E014: Pacífico Seguros; E015: Protecta; E018: Rímac; E019: Secrex; E020: Vivir Seguros; E021: Quálitas
2024-01,17,E001: AVLA Perú; E002: Cardif; E003: Chubb Seguros; E005: Crecer Seguros; E006: Insur; E007: Interseguro; E008: La Positiva; E009: La Positiva Vida; E010: Liberty Seguros; E012: Mapfre Perú; E013: Ohio National Vida; E014: Pacífico Seguros; E015: Protecta; E018: Rímac; E019: Secrex; E020: Vivir Seguros; E021: Quálitas
2024-02,17,E001: AVLA Perú; E002: Cardif; E003: Chubb Seguros; E005: Crecer Seguros; E006: Insur; E007: Interseguro; E008: La Positiva; E009: La Positiva Vida; E010: Liberty Seguros; E012: Mapfre Perú; E013: Ohio National Vida; E014: Pacífico Seguros; E015: Protecta; E018: Rímac; E019: Secrex; E020: Vivir Seguros; E021: Quálitas
2024-03,17,E001: AVLA Perú; E002: Cardif; E003: Chubb Seguros; E005: Crecer Seguros; E006: Insur; E007: Interseguro; E008: La Positiva; E009: La Positiva Vida; E010: Liberty Seguros; E012: Mapfre Perú; E013: Ohio National Vida; E014: Pacífico Seguros; E015: Protecta; E018: Rímac; E019: Secrex; E020: Vivir Seguros; E021: Quálitas
2024-04,17,E001: AVLA Perú; E002: Cardif; E003: Chubb Seguros; E005: Crecer Seguros; E006: Insur; E007: Interseguro; E008: La Positiva; E009: La Positiva Vida; E010: Liberty Seguros; E012: Mapfre Perú; E013: Ohio National Vida; E014: Pacífico Seguros; E015: Protecta; E018: Rímac; E019: Secrex; E020: Vivir Seguros; E021: Quálitas
2024-05,17,E001: AVLA Perú; E002: Cardif; E003: Chubb Seguros; E005: Crecer Seguros; E006: Insur; E007: Interseguro; E008: La Positiva; E009: La Positiva Vida; E010: Liberty Seguros; E012: Mapfre Perú; E013: Ohio National Vida; E014: Pacífico Seguros; E015: Protecta; E018: Rímac; E019: Secrex; E020: Vivir Seguros; E021: Quálitas
2024-06,17,E001: AVLA Perú; E002: Cardif; E003: Chubb Seguros; E005: Crecer Seguros; E006: Insur; E007: Interseguro; E008: La Positiva; E009: La Positiva Vida; E010: Liberty Seguros; E012: Mapfre Perú; E013: Ohio National Vida; E014: Pacífico Seguros; E015: Protecta; E018: Rímac; E019: Secrex; E020: Vivir Seguros; E021: Quálitas
2024-07,17,E001: AVLA Perú; E002: Cardif; E003: Chubb Seguros; E005: Crecer Seguros; E006: Insur; E007: Interseguro; E008: La Positiva; E009: La Positiva Vida; E010: Liberty Seguros; E012: Mapfre Perú; E013: Ohio National Vida; E014: Pacífico Seguros; E015: Protecta; E018: Rímac; E019: Secrex; E020: Vivir Seguros; E021: Quálitas
2024-08,17,E001: AVLA Perú; E002: Cardif; E003: Chubb Seguros; E005: Crecer Seguros; E006: Insur; E007: Interseguro; E008: La Positiva; E009: La Positiva Vida; E010: Liberty Seguros; E012: Mapfre Perú; E013: Ohio National Vida; E014: Pacífico Seguros; E015: Protecta; E018: Rímac; E019: Secrex; E020: Vivir Seguros; E021: Quálitas
2024-09,17,E001: AVLA Perú; E002: Cardif; E003: Chubb Seguros; E005: Crecer Seguros; E006: Insur; E007: Interseguro; E008: La Positiva; E009: La Positiva Vida; E010: Liberty Seguros; E012: Mapfre Perú; E013: Ohio National Vida; E014: Pacífico Seguros; E015: Protecta; E018: Rímac; E019: Secrex; E020: Vivir Seguros; E021: Quálitas
2024-10,17,E001: AVLA Perú; E002: Cardif; E003: Chubb Seguros; E005: Crecer Seguros; E006: Insur; E007: Interseguro; E008: La Positiva; E009: La Positiva Vida; E010: Liberty Seguros; E012: Mapfre Perú; E013: Ohio National Vida; E014: Pacífico Seguros; E015: Protecta; E018: Rímac; E019: Secrex; E020: Vivir Seguros; E021: Quálitas
2024-11,17,E001: AVLA Perú; E002: Cardif; E003: Chubb Seguros; E005: Crecer Seguros; E006: Insur; E007: Interseguro; E008: La Positiva; E009: La Positiva Vida; E010: Liberty Seguros; E012: Mapfre Perú; E013: Ohio National Vida; E014: Pacífico Seguros; E015: Protecta; E018: Rímac; E019: Secrex; E020: Vivir Seguros; E021: Quálitas
2024-12,17,E001: AVLA Perú; E002: Cardif; E003: Chubb Seguros; E005: Crecer Seguros; E006: Insur; E007: Interseguro; E008: La Positiva; E009: La Positiva Vida; E010: Liberty Seguros; E012: Mapfre Perú; E013: Ohio National Vida; E014: Pacífico Seguros; E015: Protecta; E018: Rímac; E019: Secrex; E020: Vivir Seguros; E021: Quálitas
2025-01,17,E001: AVLA Perú; E002: Cardif; E003: Chubb Seguros; E005: Crecer Seguros; E006: Insur; E007: Interseguro; E008: La Positiva; E009: La Positiva Vida; E010: Liberty Seguros; E012: Mapfre Perú; E013: Ohio National Vida; E014: Pacífico Seguros; E015: Protecta; E018: Rímac; E019: Secrex; E020: Vivir Seguros; E021: Quálitas
2025-02,17,E001: AVLA Perú; E002: Cardif; E003: Chubb Seguros; E005: Crecer Seguros; E006: Insur; E007: Interseguro; E008: La Positiva; E009: La Positiva Vida; E010: Liberty Seguros; E012: Mapfre Perú; E013: Ohio National Vida; E014: Pacífico Seguros; E015: Protecta; E018: Rímac; E019: Secrex; E020: Vivir Seguros; E021: Quálitas
2025-03,17,E001: AVLA Perú; E002: Cardif; E003: Chubb Seguros; E005: Crecer Seguros; E006: Insur; E007: Interseguro; E008: La Positiva; E009: La Positiva Vida; E010: Liberty Seguros; E012: Mapfre Perú; E013: Ohio National Vida; E014: Pacífico Seguros; E015: Protecta; E018: Rímac; E019: Secrex; E020: Vivir Seguros; E021: Quálitas
2025-04,17,E001: AVLA Perú; E002: Cardif; E003: Chubb Seguros; E005: Crecer Seguros; E006: Insur; E007: Interseguro; E008: La Positiva; E009: La Positiva Vida; E010: Liberty Seguros; E012: Mapfre Perú; E013: Ohio National Vida; E014: Pacífico Seguros; E015: Protecta; E018: Rímac; E019: Secrex; E020: Vivir Seguros; E021: Quálitas
2025-05,17,E001: AVLA Perú; E002: Cardif; E003: Chubb Seguros; E005: Crecer Seguros; E006: Insur; E007: Interseguro; E008: La Positiva; E009: La Positiva Vida; E010: Liberty Seguros; E012: Mapfre Perú; E013: Ohio National Vida; E014: Pacífico Seguros; E015: Protecta; E018: Rímac; E019: Cesce Perú; E020: Vivir Seguros; E021: Quálitas
2025-06,17,E001: AVLA Perú; E002: Cardif; E003: Chubb Seguros; E005: Crecer Seguros; E006: Insur; E007: Interseguro; E008: La Positiva; E009: La Positiva Vida; E010: Liberty Seguros; E012: Mapfre Perú; E013: Ohio National Vida; E014: Pacífico Seguros; E015: Protecta; E018: Rímac; E019: Cesce Perú; E020: Vivir Seguros; E021: Quálitas
2025-07,17,E001: AVLA Perú; E002: Cardif; E003: Chubb Seguros; E005: Crecer Seguros; E006: Insur; E007: Interseguro; E008: La Positiva; E009: La Positiva Vida; E010: Liberty Seguros; E012: Mapfre Perú; E013: Ohio National Vida; E014: Pacífico Seguros; E015: Protecta; E018: Rímac; E019: Cesce Perú; E020: Vivir Seguros; E021: Quálitas
2025-08,17,E001: AVLA Perú; E002: Cardif; E003: Chubb Seguros; E005: Crecer Seguros; E006: Insur; E007: Interseguro; E008: La Positiva; E009: La Positiva Vida; E010: Liberty Seguros; E012: Mapfre Perú; E013: Ohio National Vida; E014: Pacífico Seguros; E015: Protecta; E018: Rímac; E019: Cesce Perú; E020: Vivir Seguros; E021: Quálitas
2025-09,17,E001: AVLA Perú; E002: Cardif; E003: Chubb Seguros; E005: Crecer Seguros; E006: Insur; E007: Interseguro; E008: La Positiva; E009: La Positiva Vida; E010: Liberty Seguros; E012: Mapfre Perú; E013: Ohio National Vida; E014: Pacífico Seguros; E015: Protecta; E018: Rímac; E019: Cesce Perú; E020: Vivir Seguros; E021: Quálitas
2025-10,17,E001: AVLA Perú; E002: Cardif; E003: Chubb Seguros; E005: Crecer Seguros; E006: Insur; E007: Interseguro; E008: La Positiva; E009: La Positiva Vida; E010: Liberty Seguros; E012: Mapfre Perú; E013: Ohio National Vida; E014: Pacífico Seguros; E015: Protecta; E018: Rímac; E019: Cesce Perú; E020: Vivir Seguros; E021: Quálitas
2025-11,17,E001: AVLA Perú; E002: Cardif; E003: Chubb Seguros; E005: Crecer Seguros; E006: Insur; E007: Interseguro; E008: La Positiva; E009: La Positiva Vida; E010: Liberty Seguros; E012: Mapfre Perú; E013: AuguStar; E014: Pacífico Seguros; E015: Protecta; E018: Rímac; E019: Cesce Perú; E020: Vivir Seguros; E021: Quálitas
2025-12,17,E001: AVLA Perú; E002: Cardif; E003: Chubb Seguros; E005: Crecer Seguros; E006: Insur; E007: Interseguro; E008: La Positiva; E009: La Positiva Vida; E010: Liberty Seguros; E012: Mapfre Perú; E013: AuguStar; E014: Pacífico Seguros; E015: Protecta; E018: Rímac; E019: Cesce Perú; E020: Vivir Seguros; E021: Quálitas
