nombre_original,nombre_homologado,continuidad_desde,continuidad_hacia,tipo_evento,periodo_resolucion,periodo_transicion,primer_periodo_nota,ultimo_periodo_nota,apariciones_nota,hojas,referencias_detectadas,encabezados_referenciados,aplicado,rompe_mismo_nombre,motivo,evidencia_sbs,archivo_origen,fila_excel
,,,,cambio_de_denominacion,2012-11,,2020-01,2025-12,144,P009;P010,,,False,False,"La nota indica cambio de denominación, pero no existe una pareja única de nombres con continuidad temporal exacta.","Mediante Resolución SBS N° 8551-2012 (15/11/2012), se autorizó el cambio de denominación social de InVita Seguros de Vida S.A. a Seguros Sura.",sbs_S-401_2020-01_2024200498D.xls;sbs_S-401_2020-02_2024200498D.xls;sbs_S-401_2020-03_2024200498D.xls;sbs_S-401_2020-04_2024200498D.xls;sbs_S-401_2020-05_2024200498D.xls;sbs_S-401_2020-06_2024200498D.xls;sbs_S-401_2020-07_2024200498D.xls;sbs_S-401_2020-08_2024200498D.xls;sbs_S-401_2020-09_2024200498D.xls;sbs_S-401_2020-10_2024200498D.xls;sbs_S-401_2020-11_2024200498D.xls;sbs_S-401_2020-12_2024200498D.xls;sbs_S-401_2021-01_2024200498D.xls;sbs_S-401_2021-02_2024200498D.xls;sbs_S-401_2021-03_2024200498D.xls;sbs_S-401_2021-04_2024200498D.xls;sbs_S-401_2021-05_2024200498D.xls;sbs_S-401_2021-06_2024200498D.xls;sbs_S-401_2021-07_2024200498D.xls;sbs_S-401_2021-08_2024200498D.xls;sbs_S-401_2021-09_2024200498D.xls;sbs_S-401_2021-10_2024200498D.xls;sbs_S-401_2021-11_2024200498D.xls;sbs_S-401_2021-12_2024200498D.xls;sbs_S-401_2022-01_2024200498D.xls;sbs_S-401_2022-02_2024200498D.xls;sbs_S-401_2022-03_2024200498D.xls;sbs_S-401_2022-04_2024200498D.xls;sbs_S-401_2022-05_2024200498D.xls;sbs_S-401_2022-06_2024200498D.xls;sbs_S-401_2022-07_2024200498D.xls;sbs_S-401_2022-08_2024200498D.xls;sbs_S-401_2022-09_2024200498D.xls;sbs_S-401_2022-10_2024200498D.xls;sbs_S-401_2022-11_2024200498D.xls;sbs_S-401_2022-12_2024200498D.xls;sbs_S-401_2023-01_2024200498D.xls;sbs_S-401_2023-02_2024200498D.xls;sbs_S-401_2023-03_2024200498D.xls;sbs_S-401_2023-04_2024200498D.xls;sbs_S-401_2023-05_2024200498D.xls;sbs_S-401_2023-06_2024200498D.xls;sbs_S-401_2023-07_2024200498D.xls;sbs_S-401_2023-08_2024200498D.xls;sbs_S-401_2023-09_2024200498D.xls;sbs_S-401_2023-10_2024200498D.xls;sbs_S-401_2023-11_2024200498D.xls;sbs_S-401_2023-12_2024200498D.xls;sbs_S-401_2024-01_2024200498D.xls;sbs_S-401_2024-02_2024200498D.xls;sbs_S-401_2024-03_2024200498D.xls;sbs_S-401_2024-04_2024200498D.xls;sbs_S-401_2024-05_2024200498D.xls;sbs_S-401_2024-06_2024200498D.xls;sbs_S-401_2024-07_2024200498D.xls;sbs_S-401_2024-08_2024200498D.xls;sbs_S-401_2024-09_2024200498D.xls;sbs_S-401_2024-10_2024200498D.xls;sbs_S-401_2024-11_2024200498D.xls;sbs_S-401_2024-12_2024200498D.xls;sbs_S-401_2025-01_2024200498D.xls;sbs_S-401_2025-02_2024200498D.xls;sbs_S-401_2025-03_2024200498D.xls;sbs_S-401_2025-04_2024200498D.xls;sbs_S-401_2025-05_2024200498D.xls;sbs_S-401_2025-06_2024200498D.xls;sbs_S-401_2025-07_2024200498D.xls;sbs_S-401_2025-08_2024200498D.xls;sbs_S-401_2025-09_2024200498D.xls;sbs_S-401_2025-10_2024200498D.xls;sbs_S-401_2025-11_2024200498D.xls;sbs_S-401_2025-12_2024200498D.xls,65;67
,,,,cambio_de_denominacion,2015-05,,2020-01,2025-12,144,P009;P010,,,False,False,"La nota indica cambio de denominación, pero no existe una pareja única de nombres con continuidad temporal exacta.","Mediante Resolución SBS N° 2748-2015 (21/05/2015), se autorizó el cambio de denominación social de Aseguradora Magallanes Perú S.A. a HDI Seguros S.A.",sbs_S-401_2020-01_2024200498D.xls;sbs_S-401_2020-02_2024200498D.xls;sbs_S-401_2020-03_2024200498D.xls;sbs_S-401_2020-04_2024200498D.xls;sbs_S-401_2020-05_2024200498D.xls;sbs_S-401_2020-06_2024200498D.xls;sbs_S-401_2020-07_2024200498D.xls;sbs_S-401_2020-08_2024200498D.xls;sbs_S-401_2020-09_2024200498D.xls;sbs_S-401_2020-10_2024200498D.xls;sbs_S-401_2020-11_2024200498D.xls;sbs_S-401_2020-12_2024200498D.xls;sbs_S-401_2021-01_2024200498D.xls;sbs_S-401_2021-02_2024200498D.xls;sbs_S-401_2021-03_2024200498D.xls;sbs_S-401_2021-04_2024200498D.xls;sbs_S-401_2021-05_2024200498D.xls;sbs_S-401_2021-06_2024200498D.xls;sbs_S-401_2021-07_2024200498D.xls;sbs_S-401_2021-08_2024200498D.xls;sbs_S-401_2021-09_2024200498D.xls;sbs_S-401_2021-10_2024200498D.xls;sbs_S-401_2021-11_2024200498D.xls;sbs_S-401_2021-12_2024200498D.xls;sbs_S-401_2022-01_2024200498D.xls;sbs_S-401_2022-02_2024200498D.xls;sbs_S-401_2022-03_2024200498D.xls;sbs_S-401_2022-04_2024200498D.xls;sbs_S-401_2022-05_2024200498D.xls;sbs_S-401_2022-06_2024200498D.xls;sbs_S-401_2022-07_2024200498D.xls;sbs_S-401_2022-08_2024200498D.xls;sbs_S-401_2022-09_2024200498D.xls;sbs_S-401_2022-10_2024200498D.xls;sbs_S-401_2022-11_2024200498D.xls;sbs_S-401_2022-12_2024200498D.xls;sbs_S-401_2023-01_2024200498D.xls;sbs_S-401_2023-02_2024200498D.xls;sbs_S-401_2023-03_2024200498D.xls;sbs_S-401_2023-04_2024200498D.xls;sbs_S-401_2023-05_2024200498D.xls;sbs_S-401_2023-06_2024200498D.xls;sbs_S-401_2023-07_2024200498D.xls;sbs_S-401_2023-08_2024200498D.xls;sbs_S-401_2023-09_2024200498D.xls;sbs_S-401_2023-10_2024200498D.xls;sbs_S-401_2023-11_2024200498D.xls;sbs_S-401_2023-12_2024200498D.xls;sbs_S-401_2024-01_2024200498D.xls;sbs_S-401_2024-02_2024200498D.xls;sbs_S-401_2024-03_2024200498D.xls;sbs_S-401_2024-04_2024200498D.xls;sbs_S-401_2024-05_2024200498D.xls;sbs_S-401_2024-06_2024200498D.xls;sbs_S-401_2024-07_2024200498D.xls;sbs_S-401_2024-08_2024200498D.xls;sbs_S-401_2024-09_2024200498D.xls;sbs_S-401_2024-10_2024200498D.xls;sbs_S-401_2024-11_2024200498D.xls;sbs_S-401_2024-12_2024200498D.xls;sbs_S-401_2025-01_2024200498D.xls;sbs_S-401_2025-02_2024200498D.xls;sbs_S-401_2025-03_2024200498D.xls;sbs_S-401_2025-04_2024200498D.xls;sbs_S-401_2025-05_2024200498D.xls;sbs_S-401_2025-06_2024200498D.xls;sbs_S-401_2025-07_2024200498D.xls;sbs_S-401_2025-08_2024200498D.xls;sbs_S-401_2025-09_2024200498D.xls;sbs_S-401_2025-10_2024200498D.xls;sbs_S-401_2025-11_2024200498D.xls;sbs_S-401_2025-12_2024200498D.xls,66;68
,,,,cambio_de_denominacion,2016-03,,2020-01,2025-12,144,P009;P010,,,False,False,"La nota indica cambio de denominación, pero no existe una pareja única de nombres con continuidad temporal exacta.","Mediante Resolución SBS N° 1137-2016 (02/03/2016), se autorizó el cambio de denominación social de Ace Seguros S.A. a Chubb Seguros Perú S.A.",sbs_S-401_2020-01_2024200498D.xls;sbs_S-401_2020-02_2024200498D.xls;sbs_S-401_2020-03_2024200498D.xls;sbs_S-401_2020-04_2024200498D.xls;sbs_S-401_2020-05_2024200498D.xls;sbs_S-401_2020-06_2024200498D.xls;sbs_S-401_2020-07_2024200498D.xls;sbs_S-401_2020-08_2024200498D.xls;sbs_S-401_2020-09_2024200498D.xls;sbs_S-401_2020-10_2024200498D.xls;sbs_S-401_2020-11_2024200498D.xls;sbs_S-401_2020-12_2024200498D.xls;sbs_S-401_2021-01_2024200498D.xls;sbs_S-401_2021-02_2024200498D.xls;sbs_S-401_2021-03_2024200498D.xls;sbs_S-401_2021-04_2024200498D.xls;sbs_S-401_2021-05_2024200498D.xls;sbs_S-401_2021-06_2024200498D.xls;sbs_S-401_2021-07_2024200498D.xls;sbs_S-401_2021-08_2024200498D.xls;sbs_S-401_2021-09_2024200498D.xls;sbs_S-401_2021-10_2024200498D.xls;sbs_S-401_2021-11_2024200498D.xls;sbs_S-401_2021-12_2024200498D.xls;sbs_S-401_2022-01_2024200498D.xls;sbs_S-401_2022-02_2024200498D.xls;sbs_S-401_2022-03_2024200498D.xls;sbs_S-401_2022-04_2024200498D.xls;sbs_S-401_2022-05_2024200498D.xls;sbs_S-401_2022-06_2024200498D.xls;sbs_S-401_2022-07_2024200498D.xls;sbs_S-401_2022-08_2024200498D.xls;sbs_S-401_2022-09_2024200498D.xls;sbs_S-401_2022-10_2024200498D.xls;sbs_S-401_2022-11_2024200498D.xls;sbs_S-401_2022-12_2024200498D.xls;sbs_S-401_2023-01_2024200498D.xls;sbs_S-401_2023-02_2024200498D.xls;sbs_S-401_2023-03_2024200498D.xls;sbs_S-401_2023-04_2024200498D.xls;sbs_S-401_2023-05_2024200498D.xls;sbs_S-401_2023-06_2024200498D.xls;sbs_S-401_2023-07_2024200498D.xls;sbs_S-401_2023-08_2024200498D.xls;sbs_S-401_2023-09_2024200498D.xls;sbs_S-401_2023-10_2024200498D.xls;sbs_S-401_2023-11_2024200498D.xls;sbs_S-401_2023-12_2024200498D.xls;sbs_S-401_2024-01_2024200498D.xls;sbs_S-401_2024-02_2024200498D.xls;sbs_S-401_2024-03_2024200498D.xls;sbs_S-401_2024-04_2024200498D.xls;sbs_S-401_2024-05_2024200498D.xls;sbs_S-401_2024-06_2024200498D.xls;sbs_S-401_2024-07_2024200498D.xls;sbs_S-401_2024-08_2024200498D.xls;sbs_S-401_2024-09_2024200498D.xls;sbs_S-401_2024-10_2024200498D.xls;sbs_S-401_2024-11_2024200498D.xls;sbs_S-401_2024-12_2024200498D.xls;sbs_S-401_2025-01_2024200498D.xls;sbs_S-401_2025-02_2024200498D.xls;sbs_S-401_2025-03_2024200498D.xls;sbs_S-401_2025-04_2024200498D.xls;sbs_S-401_2025-05_2024200498D.xls;sbs_S-401_2025-06_2024200498D.xls;sbs_S-401_2025-07_2024200498D.xls;sbs_S-401_2025-08_2024200498D.xls;sbs_S-401_2025-09_2024200498D.xls;sbs_S-401_2025-10_2024200498D.xls;sbs_S-401_2025-11_2024200498D.xls;sbs_S-401_2025-12_2024200498D.xls,67;69
,,,,cambio_de_denominacion,2016-09,,2020-01,2025-12,144,P009;P010,,,False,False,"La nota indica cambio de denominación, pero no existe una pareja única de nombres con continuidad temporal exacta.","Mediante Resolución SBS N° 4961-2016 (14/09/2016), se autorizó el cambio de denominación social de AVAL Perú Compañía de Seguros S.A. a AVLA Perú Compañía de Seguros S.A.",sbs_S-401_2020-01_2024200498D.xls;sbs_S-401_2020-02_2024200498D.xls;sbs_S-401_2020-03_2024200498D.xls;sbs_S-401_2020-04_2024200498D.xls;sbs_S-401_2020-05_2024200498D.xls;sbs_S-401_2020-06_2024200498D.xls;sbs_S-401_2020-07_2024200498D.xls;sbs_S-401_2020-08_2024200498D.xls;sbs_S-401_2020-09_2024200498D.xls;sbs_S-401_2020-10_2024200498D.xls;sbs_S-401_2020-11_2024200498D.xls;sbs_S-401_2020-12_2024200498D.xls;sbs_S-401_2021-01_2024200498D.xls;sbs_S-401_2021-02_2024200498D.xls;sbs_S-401_2021-03_2024200498D.xls;sbs_S-401_2021-04_2024200498D.xls;sbs_S-401_2021-05_2024200498D.xls;sbs_S-401_2021-06_2024200498D.xls;sbs_S-401_2021-07_2024200498D.xls;sbs_S-401_2021-08_2024200498D.xls;sbs_S-401_2021-09_2024200498D.xls;sbs_S-401_2021-10_2024200498D.xls;sbs_S-401_2021-11_2024200498D.xls;sbs_S-401_2021-12_2024200498D.xls;sbs_S-401_2022-01_2024200498D.xls;sbs_S-401_2022-02_2024200498D.xls;sbs_S-401_2022-03_2024200498D.xls;sbs_S-401_2022-04_2024200498D.xls;sbs_S-401_2022-05_2024200498D.xls;sbs_S-401_2022-06_2024200498D.xls;sbs_S-401_2022-07_2024200498D.xls;sbs_S-401_2022-08_2024200498D.xls;sbs_S-401_2022-09_2024200498D.xls;sbs_S-401_2022-10_2024200498D.xls;sbs_S-401_2022-11_2024200498D.xls;sbs_S-401_2022-12_2024200498D.xls;sbs_S-401_2023-01_2024200498D.xls;sbs_S-401_2023-02_2024200498D.xls;sbs_S-401_2023-03_2024200498D.xls;sbs_S-401_2023-04_2024200498D.xls;sbs_S-401_2023-05_2024200498D.xls;sbs_S-401_2023-06_2024200498D.xls;sbs_S-401_2023-07_2024200498D.xls;sbs_S-401_2023-08_2024200498D.xls;sbs_S-401_2023-09_2024200498D.xls;sbs_S-401_2023-10_2024200498D.xls;sbs_S-401_2023-11_2024200498D.xls;sbs_S-401_2023-12_2024200498D.xls;sbs_S-401_2024-01_2024200498D.xls;sbs_S-401_2024-02_2024200498D.xls;sbs_S-401_2024-03_2024200498D.xls;sbs_S-401_2024-04_2024200498D.xls;sbs_S-401_2024-05_2024200498D.xls;sbs_S-401_2024-06_2024200498D.xls;sbs_S-401_2024-07_2024200498D.xls;sbs_S-401_2024-08_2024200498D.xls;sbs_S-401_2024-09_2024200498D.xls;sbs_S-401_2024-10_2024200498D.xls;sbs_S-401_2024-11_2024200498D.xls;sbs_S-401_2024-12_2024200498D.xls;sbs_S-401_2025-01_2024200498D.xls;sbs_S-401_2025-02_2024200498D.xls;sbs_S-401_2025-03_2024200498D.xls;sbs_S-401_2025-04_2024200498D.xls;sbs_S-401_2025-05_2024200498D.xls;sbs_S-401_2025-06_2024200498D.xls;sbs_S-401_2025-07_2024200498D.xls;sbs_S-401_2025-08_2024200498D.xls;sbs_S-401_2025-09_2024200498D.xls;sbs_S-401_2025-10_2024200498D.xls;sbs_S-401_2025-11_2024200498D.xls;sbs_S-401_2025-12_2024200498D.xls,68;70
,,,,fusion_absorcion,2017-07,,2020-01,2025-12,144,P009;P010,,,False,False,"Fusión/absorción documentada por SBS; se registra, pero no se fuerza continuidad.","Mediante Resolución SBS N° 2836-2017 (19/07/2017), se autorizó la fusión por absorción de El Pacífico Vida con El Pacífico Peruano Suiza. A partir del 01.08.2017 esta empresa se denomina Pacífico Compañía de Seguros y Reaseguros.",sbs_S-401_2020-01_2024200498D.xls;sbs_S-401_2020-02_2024200498D.xls;sbs_S-401_2020-03_2024200498D.xls;sbs_S-401_2020-04_2024200498D.xls;sbs_S-401_2020-05_2024200498D.xls;sbs_S-401_2020-06_2024200498D.xls;sbs_S-401_2020-07_2024200498D.xls;sbs_S-401_2020-08_2024200498D.xls;sbs_S-401_2020-09_2024200498D.xls;sbs_S-401_2020-10_2024200498D.xls;sbs_S-401_2020-11_2024200498D.xls;sbs_S-401_2020-12_2024200498D.xls;sbs_S-401_2021-01_2024200498D.xls;sbs_S-401_2021-02_2024200498D.xls;sbs_S-401_2021-03_2024200498D.xls;sbs_S-401_2021-04_2024200498D.xls;sbs_S-401_2021-05_2024200498D.xls;sbs_S-401_2021-06_2024200498D.xls;sbs_S-401_2021-07_2024200498D.xls;sbs_S-401_2021-08_2024200498D.xls;sbs_S-401_2021-09_2024200498D.xls;sbs_S-401_2021-10_2024200498D.xls;sbs_S-401_2021-11_2024200498D.xls;sbs_S-401_2021-12_2024200498D.xls;sbs_S-401_2022-01_2024200498D.xls;sbs_S-401_2022-02_2024200498D.xls;sbs_S-401_2022-03_2024200498D.xls;sbs_S-401_2022-04_2024200498D.xls;sbs_S-401_2022-05_2024200498D.xls;sbs_S-401_2022-06_2024200498D.xls;sbs_S-401_2022-07_2024200498D.xls;sbs_S-401_2022-08_2024200498D.xls;sbs_S-401_2022-09_2024200498D.xls;sbs_S-401_2022-10_2024200498D.xls;sbs_S-401_2022-11_2024200498D.xls;sbs_S-401_2022-12_2024200498D.xls;sbs_S-401_2023-01_2024200498D.xls;sbs_S-401_2023-02_2024200498D.xls;sbs_S-401_2023-03_2024200498D.xls;sbs_S-401_2023-04_2024200498D.xls;sbs_S-401_2023-05_2024200498D.xls;sbs_S-401_2023-06_2024200498D.xls;sbs_S-401_2023-07_2024200498D.xls;sbs_S-401_2023-08_2024200498D.xls;sbs_S-401_2023-09_2024200498D.xls;sbs_S-401_2023-10_2024200498D.xls;sbs_S-401_2023-11_2024200498D.xls;sbs_S-401_2023-12_2024200498D.xls;sbs_S-401_2024-01_2024200498D.xls;sbs_S-401_2024-02_2024200498D.xls;sbs_S-401_2024-03_2024200498D.xls;sbs_S-401_2024-04_2024200498D.xls;sbs_S-401_2024-05_2024200498D.xls;sbs_S-401_2024-06_2024200498D.xls;sbs_S-401_2024-07_2024200498D.xls;sbs_S-401_2024-08_2024200498D.xls;sbs_S-401_2024-09_2024200498D.xls;sbs_S-401_2024-10_2024200498D.xls;sbs_S-401_2024-11_2024200498D.xls;sbs_S-401_2024-12_2024200498D.xls;sbs_S-401_2025-01_2024200498D.xls;sbs_S-401_2025-02_2024200498D.xls;sbs_S-401_2025-03_2024200498D.xls;sbs_S-401_2025-04_2024200498D.xls;sbs_S-401_2025-05_2024200498D.xls;sbs_S-401_2025-06_2024200498D.xls;sbs_S-401_2025-07_2024200498D.xls;sbs_S-401_2025-08_2024200498D.xls;sbs_S-401_2025-09_2024200498D.xls;sbs_S-401_2025-10_2024200498D.xls;sbs_S-401_2025-11_2024200498D.xls;sbs_S-401_2025-12_2024200498D.xls,69;71
,,,,fusion_absorcion,2018-03,,2020-01,2025-12,144,P009;P010,,,False,False,"Fusión/absorción documentada por SBS; se registra, pero no se fuerza continuidad.","Mediante Resolución SBS N° 1170-2018 (27/03/2018), se autorizó la fusión por absorción de Interseguro Compañía de Seguros con Seguros Sura.",sbs_S-401_2020-01_2024200498D.xls;sbs_S-401_2020-02_2024200498D.xls;sbs_S-401_2020-03_2024200498D.xls;sbs_S-401_2020-04_2024200498D.xls;sbs_S-401_2020-05_2024200498D.xls;sbs_S-401_2020-06_2024200498D.xls;sbs_S-401_2020-07_2024200498D.xls;sbs_S-401_2020-08_2024200498D.xls;sbs_S-401_2020-09_2024200498D.xls;sbs_S-401_2020-10_2024200498D.xls;sbs_S-401_2020-11_2024200498D.xls;sbs_S-401_2020-12_2024200498D.xls;sbs_S-401_2021-01_2024200498D.xls;sbs_S-401_2021-02_2024200498D.xls;sbs_S-401_2021-03_2024200498D.xls;sbs_S-401_2021-04_2024200498D.xls;sbs_S-401_2021-05_2024200498D.xls;sbs_S-401_2021-06_2024200498D.xls;sbs_S-401_2021-07_2024200498D.xls;sbs_S-401_2021-08_2024200498D.xls;sbs_S-401_2021-09_2024200498D.xls;sbs_S-401_2021-10_2024200498D.xls;sbs_S-401_2021-11_2024200498D.xls;sbs_S-401_2021-12_2024200498D.xls;sbs_S-401_2022-01_2024200498D.xls;sbs_S-401_2022-02_2024200498D.xls;sbs_S-401_2022-03_2024200498D.xls;sbs_S-401_2022-04_2024200498D.xls;sbs_S-401_2022-05_2024200498D.xls;sbs_S-401_2022-06_2024200498D.xls;sbs_S-401_2022-07_2024200498D.xls;sbs_S-401_2022-08_2024200498D.xls;sbs_S-401_2022-09_2024200498D.xls;sbs_S-401_2022-10_2024200498D.xls;sbs_S-401_2022-11_2024200498D.xls;sbs_S-401_2022-12_2024200498D.xls;sbs_S-401_2023-01_2024200498D.xls;sbs_S-401_2023-02_2024200498D.xls;sbs_S-401_2023-03_2024200498D.xls;sbs_S-401_2023-04_2024200498D.xls;sbs_S-401_2023-05_2024200498D.xls;sbs_S-401_2023-06_2024200498D.xls;sbs_S-401_2023-07_2024200498D.xls;sbs_S-401_2023-08_2024200498D.xls;sbs_S-401_2023-09_2024200498D.xls;sbs_S-401_2023-10_2024200498D.xls;sbs_S-401_2023-11_2024200498D.xls;sbs_S-401_2023-12_2024200498D.xls;sbs_S-401_2024-01_2024200498D.xls;sbs_S-401_2024-02_2024200498D.xls;sbs_S-401_2024-03_2024200498D.xls;sbs_S-401_2024-04_2024200498D.xls;sbs_S-401_2024-05_2024200498D.xls;sbs_S-401_2024-06_2024200498D.xls;sbs_S-401_2024-07_2024200498D.xls;sbs_S-401_2024-08_2024200498D.xls;sbs_S-401_2024-09_2024200498D.xls;sbs_S-401_2024-10_2024200498D.xls;sbs_S-401_2024-11_2024200498D.xls;sbs_S-401_2024-12_2024200498D.xls;sbs_S-401_2025-01_2024200498D.xls;sbs_S-401_2025-02_2024200498D.xls;sbs_S-401_2025-03_2024200498D.xls;sbs_S-401_2025-04_2024200498D.xls;sbs_S-401_2025-05_2024200498D.xls;sbs_S-401_2025-06_2024200498D.xls;sbs_S-401_2025-07_2024200498D.xls;sbs_S-401_2025-08_2024200498D.xls;sbs_S-401_2025-09_2024200498D.xls;sbs_S-401_2025-10_2024200498D.xls;sbs_S-401_2025-11_2024200498D.xls;sbs_S-401_2025-12_2024200498D.xls,70;72
Qualitas,Quálitas,Qualitas,Quálitas,cambio_de_denominacion,2019-05,2023-10,2020-01,2025-12,144,P009;P010,,,False,False,"Evento documentado, pero no aplicado: el origen y el destino identificados son el mismo nombre. No genera una nueva continuidad dentro de la ventana.","Mediante Resolución SBS N° 2296-2019 (22/05/2019), se autorizó el cambio de denominación social de HDI Seguros S.A. a Qualitas Compañía de Seguros S.A.",sbs_S-401_2020-01_2024200498D.xls;sbs_S-401_2020-02_2024200498D.xls;sbs_S-401_2020-03_2024200498D.xls;sbs_S-401_2020-04_2024200498D.xls;sbs_S-401_2020-05_2024200498D.xls;sbs_S-401_2020-06_2024200498D.xls;sbs_S-401_2020-07_2024200498D.xls;sbs_S-401_2020-08_2024200498D.xls;sbs_S-401_2020-09_2024200498D.xls;sbs_S-401_2020-10_2024200498D.xls;sbs_S-401_2020-11_2024200498D.xls;sbs_S-401_2020-12_2024200498D.xls;sbs_S-401_2021-01_2024200498D.xls;sbs_S-401_2021-02_2024200498D.xls;sbs_S-401_2021-03_2024200498D.xls;sbs_S-401_2021-04_2024200498D.xls;sbs_S-401_2021-05_2024200498D.xls;sbs_S-401_2021-06_2024200498D.xls;sbs_S-401_2021-07_2024200498D.xls;sbs_S-401_2021-08_2024200498D.xls;sbs_S-401_2021-09_2024200498D.xls;sbs_S-401_2021-10_2024200498D.xls;sbs_S-401_2021-11_2024200498D.xls;sbs_S-401_2021-12_2024200498D.xls;sbs_S-401_2022-01_2024200498D.xls;sbs_S-401_2022-02_2024200498D.xls;sbs_S-401_2022-03_2024200498D.xls;sbs_S-401_2022-04_2024200498D.xls;sbs_S-401_2022-05_2024200498D.xls;sbs_S-401_2022-06_2024200498D.xls;sbs_S-401_2022-07_2024200498D.xls;sbs_S-401_2022-08_2024200498D.xls;sbs_S-401_2022-09_2024200498D.xls;sbs_S-401_2022-10_2024200498D.xls;sbs_S-401_2022-11_2024200498D.xls;sbs_S-401_2022-12_2024200498D.xls;sbs_S-401_2023-01_2024200498D.xls;sbs_S-401_2023-02_2024200498D.xls;sbs_S-401_2023-03_2024200498D.xls;sbs_S-401_2023-04_2024200498D.xls;sbs_S-401_2023-05_2024200498D.xls;sbs_S-401_2023-06_2024200498D.xls;sbs_S-401_2023-07_2024200498D.xls;sbs_S-401_2023-08_2024200498D.xls;sbs_S-401_2023-09_2024200498D.xls;sbs_S-401_2023-10_2024200498D.xls;sbs_S-401_2023-11_2024200498D.xls;sbs_S-401_2023-12_2024200498D.xls;sbs_S-401_2024-01_2024200498D.xls;sbs_S-401_2024-02_2024200498D.xls;sbs_S-401_2024-03_2024200498D.xls;sbs_S-401_2024-04_2024200498D.xls;sbs_S-401_2024-05_2024200498D.xls;sbs_S-401_2024-06_2024200498D.xls;sbs_S-401_2024-07_2024200498D.xls;sbs_S-401_2024-08_2024200498D.xls;sbs_S-401_2024-09_2024200498D.xls;sbs_S-401_2024-10_2024200498D.xls;sbs_S-401_2024-11_2024200498D.xls;sbs_S-401_2024-12_2024200498D.xls;sbs_S-401_2025-01_2024200498D.xls;sbs_S-401_2025-02_2024200498D.xls;sbs_S-401_2025-03_2024200498D.xls;sbs_S-401_2025-04_2024200498D.xls;sbs_S-401_2025-05_2024200498D.xls;sbs_S-401_2025-06_2024200498D.xls;sbs_S-401_2025-07_2024200498D.xls;sbs_S-401_2025-08_2024200498D.xls;sbs_S-401_2025-09_2024200498D.xls;sbs_S-401_2025-10_2024200498D.xls;sbs_S-401_2025-11_2024200498D.xls;sbs_S-401_2025-12_2024200498D.xls,71;73
,,,,liquidacion_disolucion,2020-07,,2020-06,2025-12,134,P009;P010,,,False,False,Evento societario documentado por SBS; no modifica automáticamente la identidad.,"Mediante Resolución SBS Nº 1749-2020 (01/07/2020), se autorizó la liquidación voluntaria y posterior inicio del proceso liquidatorio de Rigel Perú S.A.",sbs_S-401_2020-06_2024200498D.xls;sbs_S-401_2020-07_2024200498D.xls;sbs_S-401_2020-08_2024200498D.xls;sbs_S-401_2020-09_2024200498D.xls;sbs_S-401_2020-10_2024200498D.xls;sbs_S-401_2020-11_2024200498D.xls;sbs_S-401_2020-12_2024200498D.xls;sbs_S-401_2021-01_2024200498D.xls;sbs_S-401_2021-02_2024200498D.xls;sbs_S-401_2021-03_2024200498D.xls;sbs_S-401_2021-04_2024200498D.xls;sbs_S-401_2021-05_2024200498D.xls;sbs_S-401_2021-06_2024200498D.xls;sbs_S-401_2021-07_2024200498D.xls;sbs_S-401_2021-08_2024200498D.xls;sbs_S-401_2021-09_2024200498D.xls;sbs_S-401_2021-10_2024200498D.xls;sbs_S-401_2021-11_2024200498D.xls;sbs_S-401_2021-12_2024200498D.xls;sbs_S-401_2022-01_2024200498D.xls;sbs_S-401_2022-02_2024200498D.xls;sbs_S-401_2022-03_2024200498D.xls;sbs_S-401_2022-04_2024200498D.xls;sbs_S-401_2022-05_2024200498D.xls;sbs_S-401_2022-06_2024200498D.xls;sbs_S-401_2022-07_2024200498D.xls;sbs_S-401_2022-08_2024200498D.xls;sbs_S-401_2022-09_2024200498D.xls;sbs_S-401_2022-10_2024200498D.xls;sbs_S-401_2022-11_2024200498D.xls;sbs_S-401_2022-12_2024200498D.xls;sbs_S-401_2023-01_2024200498D.xls;sbs_S-401_2023-02_2024200498D.xls;sbs_S-401_2023-03_2024200498D.xls;sbs_S-401_2023-04_2024200498D.xls;sbs_S-401_2023-05_2024200498D.xls;sbs_S-401_2023-06_2024200498D.xls;sbs_S-401_2023-07_2024200498D.xls;sbs_S-401_2023-08_2024200498D.xls;sbs_S-401_2023-09_2024200498D.xls;sbs_S-401_2023-10_2024200498D.xls;sbs_S-401_2023-11_2024200498D.xls;sbs_S-401_2023-12_2024200498D.xls;sbs_S-401_2024-01_2024200498D.xls;sbs_S-401_2024-02_2024200498D.xls;sbs_S-401_2024-03_2024200498D.xls;sbs_S-401_2024-04_2024200498D.xls;sbs_S-401_2024-05_2024200498D.xls;sbs_S-401_2024-06_2024200498D.xls;sbs_S-401_2024-07_2024200498D.xls;sbs_S-401_2024-08_2024200498D.xls;sbs_S-401_2024-09_2024200498D.xls;sbs_S-401_2024-10_2024200498D.xls;sbs_S-401_2024-11_2024200498D.xls;sbs_S-401_2024-12_2024200498D.xls;sbs_S-401_2025-01_2024200498D.xls;sbs_S-401_2025-02_2024200498D.xls;sbs_S-401_2025-03_2024200498D.xls;sbs_S-401_2025-04_2024200498D.xls;sbs_S-401_2025-05_2024200498D.xls;sbs_S-401_2025-06_2024200498D.xls;sbs_S-401_2025-07_2024200498D.xls;sbs_S-401_2025-08_2024200498D.xls;sbs_S-401_2025-09_2024200498D.xls;sbs_S-401_2025-10_2024200498D.xls;sbs_S-401_2025-11_2024200498D.xls;sbs_S-401_2025-12_2024200498D.xls,72;74
,,,,liquidacion_disolucion,,,2020-06,2020-12,14,P009;P010,1,Rigel,False,False,Evento societario documentado por SBS; no modifica automáticamente la identidad.,"(1) Flujos de Rigel de enero a mayo de 2020, periodo previo a su liquidación.",sbs_S-401_2020-06_2024200498D.xls;sbs_S-401_2020-07_2024200498D.xls;sbs_S-401_2020-08_2024200498D.xls;sbs_S-401_2020-09_2024200498D.xls;sbs_S-401_2020-10_2024200498D.xls;sbs_S-401_2020-11_2024200498D.xls;sbs_S-401_2020-12_2024200498D.xls,73;74
,,,,liquidacion_disolucion,2020-12,,2020-12,2025-12,122,P009;P010,,,False,False,Evento societario documentado por SBS; no modifica automáticamente la identidad.,"Mediante Resolución SBS Nº 3286-2020 (28/12/2020), se autorizó la liquidación voluntaria y posterior inicio del proceso liquidatorio de Coface Seguros.",sbs_S-401_2020-12_2024200498D.xls;sbs_S-401_2021-01_2024200498D.xls;sbs_S-401_2021-02_2024200498D.xls;sbs_S-401_2021-03_2024200498D.xls;sbs_S-401_2021-04_2024200498D.xls;sbs_S-401_2021-05_2024200498D.xls;sbs_S-401_2021-06_2024200498D.xls;sbs_S-401_2021-07_2024200498D.xls;sbs_S-401_2021-08_2024200498D.xls;sbs_S-401_2021-09_2024200498D.xls;sbs_S-401_2021-10_2024200498D.xls;sbs_S-401_2021-11_2024200498D.xls;sbs_S-401_2021-12_2024200498D.xls;sbs_S-401_2022-01_2024200498D.xls;sbs_S-401_2022-02_2024200498D.xls;sbs_S-401_2022-03_2024200498D.xls;sbs_S-401_2022-04_2024200498D.xls;sbs_S-401_2022-05_2024200498D.xls;sbs_S-401_2022-06_2024200498D.xls;sbs_S-401_2022-07_2024200498D.xls;sbs_S-401_2022-08_2024200498D.xls;sbs_S-401_2022-09_2024200498D.xls;sbs_S-401_2022-10_2024200498D.xls;sbs_S-401_2022-11_2024200498D.xls;sbs_S-401_2022-12_2024200498D.xls;sbs_S-401_2023-01_2024200498D.xls;sbs_S-401_2023-02_2024200498D.xls;sbs_S-401_2023-03_2024200498D.xls;sbs_S-401_2023-04_2024200498D.xls;sbs_S-401_2023-05_2024200498D.xls;sbs_S-401_2023-06_2024200498D.xls;sbs_S-401_2023-07_2024200498D.xls;sbs_S-401_2023-08_2024200498D.xls;sbs_S-401_2023-09_2024200498D.xls;sbs_S-401_2023-10_2024200498D.xls;sbs_S-401_2023-11_2024200498D.xls;sbs_S-401_2023-12_2024200498D.xls;sbs_S-401_2024-01_2024200498D.xls;sbs_S-401_2024-02_2024200498D.xls;sbs_S-401_2024-03_2024200498D.xls;sbs_S-401_2024-04_2024200498D.xls;sbs_S-401_2024-05_2024200498D.xls;sbs_S-401_2024-06_2024200498D.xls;sbs_S-401_2024-07_2024200498D.xls;sbs_S-401_2024-08_2024200498D.xls;sbs_S-401_2024-09_2024200498D.xls;sbs_S-401_2024-10_2024200498D.xls;sbs_S-401_2024-11_2024200498D.xls;sbs_S-401_2024-12_2024200498D.xls;sbs_S-401_2025-01_2024200498D.xls;sbs_S-401_2025-02_2024200498D.xls;sbs_S-401_2025-03_2024200498D.xls;sbs_S-401_2025-04_2024200498D.xls;sbs_S-401_2025-05_2024200498D.xls;sbs_S-401_2025-06_2024200498D.xls;sbs_S-401_2025-07_2024200498D.xls;sbs_S-401_2025-08_2024200498D.xls;sbs_S-401_2025-09_2024200498D.xls;sbs_S-401_2025-10_2024200498D.xls;sbs_S-401_2025-11_2024200498D.xls;sbs_S-401_2025-12_2024200498D.xls,73;75
,,,,liquidacion_disolucion,,,2020-12,2020-12,2,P009;P010,2,Coface Seguros,False,False,Evento societario documentado por SBS; no modifica automáticamente la identidad.,"(2) Flujos de Coface Seguros de enero a noviembre de 2020, periodo previo a su liquidación.",sbs_S-401_2020-12_2024200498D.xls,75
,,,,fusion_absorcion,2022-05,,2022-06,2025-12,86,P009;P010,,,False,False,"Fusión/absorción documentada por SBS; se registra, pero no se fuerza continuidad.","Mediante Resolución SBS N° 1724-2022 (25/05/2022), se autorizó la fusión por absorción de Mapfre Perú Vida con Mapfre Perú. A partir del 01.06.2022 esta empresa se denomina Mapfre Perú Compañía de Seguros y Reaseguros S.A.",sbs_S-401_2022-06_2024200498D.xls;sbs_S-401_2022-07_2024200498D.xls;sbs_S-401_2022-08_2024200498D.xls;sbs_S-401_2022-09_2024200498D.xls;sbs_S-401_2022-10_2024200498D.xls;sbs_S-401_2022-11_2024200498D.xls;sbs_S-401_2022-12_2024200498D.xls;sbs_S-401_2023-01_2024200498D.xls;sbs_S-401_2023-02_2024200498D.xls;sbs_S-401_2023-03_2024200498D.xls;sbs_S-401_2023-04_2024200498D.xls;sbs_S-401_2023-05_2024200498D.xls;sbs_S-401_2023-06_2024200498D.xls;sbs_S-401_2023-07_2024200498D.xls;sbs_S-401_2023-08_2024200498D.xls;sbs_S-401_2023-09_2024200498D.xls;sbs_S-401_2023-10_2024200498D.xls;sbs_S-401_2023-11_2024200498D.xls;sbs_S-401_2023-12_2024200498D.xls;sbs_S-401_2024-01_2024200498D.xls;sbs_S-401_2024-02_2024200498D.xls;sbs_S-401_2024-03_2024200498D.xls;sbs_S-401_2024-04_2024200498D.xls;sbs_S-401_2024-05_2024200498D.xls;sbs_S-401_2024-06_2024200498D.xls;sbs_S-401_2024-07_2024200498D.xls;sbs_S-401_2024-08_2024200498D.xls;sbs_S-401_2024-09_2024200498D.xls;sbs_S-401_2024-10_2024200498D.xls;sbs_S-401_2024-11_2024200498D.xls;sbs_S-401_2024-12_2024200498D.xls;sbs_S-401_2025-01_2024200498D.xls;sbs_S-401_2025-02_2024200498D.xls;sbs_S-401_2025-03_2024200498D.xls;sbs_S-401_2025-04_2024200498D.xls;sbs_S-401_2025-05_2024200498D.xls;sbs_S-401_2025-06_2024200498D.xls;sbs_S-401_2025-07_2024200498D.xls;sbs_S-401_2025-08_2024200498D.xls;sbs_S-401_2025-09_2024200498D.xls;sbs_S-401_2025-10_2024200498D.xls;sbs_S-401_2025-11_2024200498D.xls;sbs_S-401_2025-12_2024200498D.xls,75;77
,,,,fusion_absorcion,,,2022-06,2022-12,14,P009;P010,2,Mapfre Perú (abs),False,False,"Fusión/absorción documentada por SBS; se registra, pero no se fuerza continuidad.","(2) Flujos de Mapfre Perú (abs) de enero a mayo de 2022, antes de su fusión con Mapfre Perú Vida.",sbs_S-401_2022-06_2024200498D.xls;sbs_S-401_2022-07_2024200498D.xls;sbs_S-401_2022-08_2024200498D.xls;sbs_S-401_2022-09_2024200498D.xls;sbs_S-401_2022-10_2024200498D.xls;sbs_S-401_2022-11_2024200498D.xls;sbs_S-401_2022-12_2024200498D.xls,77
Vida Cámara,Vivir Seguros,Vida Cámara,Vivir Seguros,cambio_de_denominacion,2021-01,2021-01,2021-01,2025-12,120,P009;P010,,,True,False,Cambio de denominación documentado por SBS y continuidad temporal exacta.,"Mediante Resolución SBS N° 278-2021 (28/01/2021), se autorizó el cambio de denominación social de Compañía de Seguros de Vida Cámara S.A. a Vivir Seguros Compañía de Seguros de Vida S.A.",sbs_S-401_2021-01_2024200498D.xls;sbs_S-401_2021-02_2024200498D.xls;sbs_S-401_2021-03_2024200498D.xls;sbs_S-401_2021-04_2024200498D.xls;sbs_S-401_2021-05_2024200498D.xls;sbs_S-401_2021-06_2024200498D.xls;sbs_S-401_2021-07_2024200498D.xls;sbs_S-401_2021-08_2024200498D.xls;sbs_S-401_2021-09_2024200498D.xls;sbs_S-401_2021-10_2024200498D.xls;sbs_S-401_2021-11_2024200498D.xls;sbs_S-401_2021-12_2024200498D.xls;sbs_S-401_2022-01_2024200498D.xls;sbs_S-401_2022-02_2024200498D.xls;sbs_S-401_2022-03_2024200498D.xls;sbs_S-401_2022-04_2024200498D.xls;sbs_S-401_2022-05_2024200498D.xls;sbs_S-401_2022-06_2024200498D.xls;sbs_S-401_2022-07_2024200498D.xls;sbs_S-401_2022-08_2024200498D.xls;sbs_S-401_2022-09_2024200498D.xls;sbs_S-401_2022-10_2024200498D.xls;sbs_S-401_2022-11_2024200498D.xls;sbs_S-401_2022-12_2024200498D.xls;sbs_S-401_2023-01_2024200498D.xls;sbs_S-401_2023-02_2024200498D.xls;sbs_S-401_2023-03_2024200498D.xls;sbs_S-401_2023-04_2024200498D.xls;sbs_S-401_2023-05_2024200498D.xls;sbs_S-401_2023-06_2024200498D.xls;sbs_S-401_2023-07_2024200498D.xls;sbs_S-401_2023-08_2024200498D.xls;sbs_S-401_2023-09_2024200498D.xls;sbs_S-401_2023-10_2024200498D.xls;sbs_S-401_2023-11_2024200498D.xls;sbs_S-401_2023-12_2024200498D.xls;sbs_S-401_2024-01_2024200498D.xls;sbs_S-401_2024-02_2024200498D.xls;sbs_S-401_2024-03_2024200498D.xls;sbs_S-401_2024-04_2024200498D.xls;sbs_S-401_2024-05_2024200498D.xls;sbs_S-401_2024-06_2024200498D.xls;sbs_S-401_2024-07_2024200498D.xls;sbs_S-401_2024-08_2024200498D.xls;sbs_S-401_2024-09_2024200498D.xls;sbs_S-401_2024-10_2024200498D.xls;sbs_S-401_2024-11_2024200498D.xls;sbs_S-401_2024-12_2024200498D.xls;sbs_S-401_2025-01_2024200498D.xls;sbs_S-401_2025-02_2024200498D.xls;sbs_S-401_2025-03_2024200498D.xls;sbs_S-401_2025-04_2024200498D.xls;sbs_S-401_2025-05_2024200498D.xls;sbs_S-401_2025-06_2024200498D.xls;sbs_S-401_2025-07_2024200498D.xls;sbs_S-401_2025-08_2024200498D.xls;sbs_S-401_2025-09_2024200498D.xls;sbs_S-401_2025-10_2024200498D.xls;sbs_S-401_2025-11_2024200498D.xls;sbs_S-401_2025-12_2024200498D.xls,74;76
Mapfre Perú Vida,Mapfre Perú,Mapfre Perú Vida,Mapfre Perú,fusion_absorcion,,2022-06,2022-06,2022-12,14,P009;P010,1,Mapfre Perú,True,True,Fusión con continuidad explícita respaldada por SBS: la empresa vigente incorpora los flujos de la entidad previa y existe registro especial '(abs)' de la absorbida.,"(1) Las cifras de Mapfre Perú consideran los flujos de Mapfre Perú Vida, para el periodo previo a la fusión.",sbs_S-401_2022-06_2024200498D.xls;sbs_S-401_2022-07_2024200498D.xls;sbs_S-401_2022-08_2024200498D.xls;sbs_S-401_2022-09_2024200498D.xls;sbs_S-401_2022-10_2024200498D.xls;sbs_S-401_2022-11_2024200498D.xls;sbs_S-401_2022-12_2024200498D.xls,76
Secrex,Cesce Perú,Secrex,Cesce Perú,cambio_de_denominacion,2025-05,2025-05,2025-05,2025-12,16,P009;P010,,,True,False,Cambio de denominación documentado por SBS y continuidad temporal exacta.,"Mediante Resolución SBS N° 01822-2025 (20/05/2025), se autorizó el cambio de denominación social de Secrex Compañía de Seguros de Crédito y Garantías a Cesce Perú S.A. || Mediante Resolución SBS N° 1822-2025 (20/05/2025), se autorizó el cambio de denominación social de Secrex Compañía de Seguros de Crédito y Garantías a Cesce Perú S.A.",sbs_S-401_2025-05_2024200498D.xls;sbs_S-401_2025-06_2024200498D.xls;sbs_S-401_2025-07_2024200498D.xls;sbs_S-401_2025-08_2024200498D.xls;sbs_S-401_2025-09_2024200498D.xls;sbs_S-401_2025-10_2024200498D.xls;sbs_S-401_2025-11_2024200498D.xls;sbs_S-401_2025-12_2024200498D.xls,76;78
Ohio National Vida,AuguStar,Ohio National Vida,AuguStar,cambio_de_denominacion,2025-11,2025-11,2025-11,2025-12,4,P009;P010,,,True,False,Cambio de denominación documentado por SBS y continuidad temporal exacta.,"Mediante Resolución SBS N° 04016-2025 (10/11/2025), se autorizó el cambio de denominación social de Ohio National Seguros de Vida y Reaseguros S.A. a AuguStar Seguros y Reaseguros S.A.",sbs_S-401_2025-11_2024200498D.xls;sbs_S-401_2025-12_2024200498D.xls,77
