empresa_original,primer_periodo,ultimo_periodo,meses_presente,meses_en_su_rango,meses_faltantes_en_su_rango,ids_asociados
AVLA Perú,2020-01,2025-12,72,72,0,E001
AuguStar,2025-11,2025-12,2,2,0,E013
Cardif,2020-01,2025-12,72,72,0,E002
Cesce Perú,2025-05,2025-12,8,8,0,E019
Chubb Seguros,2020-01,2025-12,72,72,0,E003
Coface Seguros,2020-01,2020-12,12,12,0,E004
Crecer Seguros,2020-01,2025-12,72,72,0,E005
Insur,2020-01,2025-12,72,72,0,E006
Interseguro,2020-01,2025-12,72,72,0,E007
La Positiva,2020-01,2025-12,72,72,0,E008
La Positiva Vida,2020-01,2025-12,72,72,0,E009
Liberty Seguros,2020-01,2025-12,72,72,0,E010
Mapfre Perú,2020-01,2025-12,72,72,0,E011;E012
Mapfre Perú Vida,2020-01,2022-05,29,29,0,E012
Ohio National Vida,2020-01,2025-10,70,70,0,E013
Pacífico Seguros,2020-01,2025-12,72,72,0,E014
Protecta,2020-01,2025-12,72,72,0,E015
Qualitas,2020-01,2023-09,45,45,0,E016
Quálitas,2023-10,2025-12,27,27,0,E021
Rigel,2020-01,2020-12,12,12,0,E017
Rímac,2020-01,2025-12,72,72,0,E018
Secrex,2020-01,2025-04,64,64,0,E019
Vida Cámara,2020-01,2020-12,12,12,0,E020
Vivir Seguros,2021-01,2025-12,60,60,0,E020
