periodo,hoja,columna_excel,encabezado_original,empresa_sbs,referencia_nota,tipo_inicial,tipo_definitivo,entra_panel,motivo,nota_sbs,fila_nota_excel,archivo_origen,variable,valor_acumulado,tipo_valor
2022-06,P009,T,Mapfre Perú (abs) (2),Mapfre Perú (abs),2,empresa,registro_especial_absorcion,False,La nota SBS identifica flujos de una empresa absorbida correspondientes al periodo previo a la fusión.,"(2) Flujos de Mapfre Perú (abs) de enero a mayo de 2022, antes de su fusión con Mapfre Perú Vida.",77,sbs_S-401_2022-06_2024200498D.xls,primas_netas,547437.99,numero
2022-06,P010,T,Mapfre Perú (abs) (2),Mapfre Perú (abs),2,empresa,registro_especial_absorcion,False,La nota SBS identifica flujos de una empresa absorbida correspondientes al periodo previo a la fusión.,"(2) Flujos de Mapfre Perú (abs) de enero a mayo de 2022, antes de su fusión con Mapfre Perú Vida.",77,sbs_S-401_2022-06_2024200498D.xls,primas_cedidas,264677.09,numero
2022-07,P009,T,Mapfre Perú (abs) (2),Mapfre Perú (abs),2,empresa,registro_especial_absorcion,False,La nota SBS identifica flujos de una empresa absorbida correspondientes al periodo previo a la fusión.,"(2) Flujos de Mapfre Perú (abs) de enero a mayo de 2022, antes de su fusión con Mapfre Perú Vida.",77,sbs_S-401_2022-07_2024200498D.xls,primas_netas,547437.99,numero
2022-07,P010,T,Mapfre Perú (abs) (2),Mapfre Perú (abs),2,empresa,registro_especial_absorcion,False,La nota SBS identifica flujos de una empresa absorbida correspondientes al periodo previo a la fusión.,"(2) Flujos de Mapfre Perú (abs) de enero a mayo de 2022, antes de su fusión con Mapfre Perú Vida.",77,sbs_S-401_2022-07_2024200498D.xls,primas_cedidas,264677.09,numero
2022-08,P009,T,Mapfre Perú (abs) (2),Mapfre Perú (abs),2,empresa,registro_especial_absorcion,False,La nota SBS identifica flujos de una empresa absorbida correspondientes al periodo previo a la fusión.,"(2) Flujos de Mapfre Perú (abs) de enero a mayo de 2022, antes de su fusión con Mapfre Perú Vida.",77,sbs_S-401_2022-08_2024200498D.xls,primas_netas,547437.99,numero
2022-08,P010,T,Mapfre Perú (abs) (2),Mapfre Perú (abs),2,empresa,registro_especial_absorcion,False,La nota SBS identifica flujos de una empresa absorbida correspondientes al periodo previo a la fusión.,"(2) Flujos de Mapfre Perú (abs) de enero a mayo de 2022, antes de su fusión con Mapfre Perú Vida.",77,sbs_S-401_2022-08_2024200498D.xls,primas_cedidas,264677.09,numero
2022-09,P009,T,Mapfre Perú (abs) (2),Mapfre Perú (abs),2,empresa,registro_especial_absorcion,False,La nota SBS identifica flujos de una empresa absorbida correspondientes al periodo previo a la fusión.,"(2) Flujos de Mapfre Perú (abs) de enero a mayo de 2022, antes de su fusión con Mapfre Perú Vida.",77,sbs_S-401_2022-09_2024200498D.xls,primas_netas,547437.99,numero
2022-09,P010,T,Mapfre Perú (abs) (2),Mapfre Perú (abs),2,empresa,registro_especial_absorcion,False,La nota SBS identifica flujos de una empresa absorbida correspondientes al periodo previo a la fusión.,"(2) Flujos de Mapfre Perú (abs) de enero a mayo de 2022, antes de su fusión con Mapfre Perú Vida.",77,sbs_S-401_2022-09_2024200498D.xls,primas_cedidas,264677.09,numero
2022-10,P009,T,Mapfre Perú (abs) (2),Mapfre Perú (abs),2,empresa,registro_especial_absorcion,False,La nota SBS identifica flujos de una empresa absorbida correspondientes al periodo previo a la fusión.,"(2) Flujos de Mapfre Perú (abs) de enero a mayo de 2022, antes de su fusión con Mapfre Perú Vida.",77,sbs_S-401_2022-10_2024200498D.xls,primas_netas,547437.99,numero
2022-10,P010,T,Mapfre Perú (abs) (2),Mapfre Perú (abs),2,empresa,registro_especial_absorcion,False,La nota SBS identifica flujos de una empresa absorbida correspondientes al periodo previo a la fusión.,"(2) Flujos de Mapfre Perú (abs) de enero a mayo de 2022, antes de su fusión con Mapfre Perú Vida.",77,sbs_S-401_2022-10_2024200498D.xls,primas_cedidas,264677.09,numero
2022-11,P009,T,Mapfre Perú (abs) (2),Mapfre Perú (abs),2,empresa,registro_especial_absorcion,False,La nota SBS identifica flujos de una empresa absorbida correspondientes al periodo previo a la fusión.,"(2) Flujos de Mapfre Perú (abs) de enero a mayo de 2022, antes de su fusión con Mapfre Perú Vida.",77,sbs_S-401_2022-11_2024200498D.xls,primas_netas,547437.99,numero
2022-11,P010,T,Mapfre Perú (abs) (2),Mapfre Perú (abs),2,empresa,registro_especial_absorcion,False,La nota SBS identifica flujos de una empresa absorbida correspondientes al periodo previo a la fusión.,"(2) Flujos de Mapfre Perú (abs) de enero a mayo de 2022, antes de su fusión con Mapfre Perú Vida.",77,sbs_S-401_2022-11_2024200498D.xls,primas_cedidas,264677.09,numero
2022-12,P009,T,Mapfre Perú (abs) (2),Mapfre Perú (abs),2,empresa,registro_especial_absorcion,False,La nota SBS identifica flujos de una empresa absorbida correspondientes al periodo previo a la fusión.,"(2) Flujos de Mapfre Perú (abs) de enero a mayo de 2022, antes de su fusión con Mapfre Perú Vida.",77,sbs_S-401_2022-12_2024200498D.xls,primas_netas,547437.99,numero
2022-12,P010,T,Mapfre Perú (abs) (2),Mapfre Perú (abs),2,empresa,registro_especial_absorcion,False,La nota SBS identifica flujos de una empresa absorbida correspondientes al periodo previo a la fusión.,"(2) Flujos de Mapfre Perú (abs) de enero a mayo de 2022, antes de su fusión con Mapfre Perú Vida.",77,sbs_S-401_2022-12_2024200498D.xls,primas_cedidas,264677.09,numero
