Empresa,Desde,Hasta,Meses,Obs. modelo,Primas netas (miles S/ reales),Primas cedidas (miles S/ reales),Participación (%),Cesión (%)
Rímac,2020-01,2025-12,72,72,32042986.61,11085930.75,29.18,34.6
Pacífico Seguros,2020-01,2025-12,72,72,26429693.36,4039935.64,24.07,15.29
Mapfre Perú (antes Mapfre Perú Vida),2020-01,2025-12,72,72,11370226.81,3033999.61,10.36,26.68
Interseguro,2020-01,2025-12,72,71,7443580.95,81827.97,6.78,1.1
La Positiva,2020-01,2025-12,72,72,7390465.99,2833292.78,6.73,38.34
La Positiva Vida,2020-01,2025-12,72,72,6618522.31,1523773.21,6.03,23.02
Protecta,2020-01,2025-12,72,72,3516718.29,72423.57,3.2,2.06
Mapfre Perú (pre-fusión),2020-01,2022-05,29,29,3063317.02,1283276.8,2.79,41.89
Cardif,2020-01,2025-12,72,71,2918515.55,174215.6,2.66,5.97
AuguStar (anteriormente Ohio National Vida),2020-01,2025-12,72,72,1733063.59,1014728.56,1.58,58.55
Vivir Seguros (anteriormente Vida Cámara),2020-01,2025-12,72,72,1580436.74,3020.0,1.44,0.19
Chubb Seguros,2020-01,2025-12,72,72,1454199.73,893117.29,1.32,61.42
Crecer Seguros,2020-01,2025-12,72,72,1345358.63,101576.03,1.23,7.55
AVLA Perú,2020-01,2025-12,72,72,822720.59,440007.07,0.75,53.48
Cesce Perú (anteriormente Secrex),2020-01,2025-12,72,72,791310.8,394956.45,0.72,49.91
Insur,2020-01,2025-12,72,72,525876.52,281069.53,0.48,53.45
Quálitas,2020-01,2025-12,72,71,475719.15,5380.92,0.43,1.13
Liberty Seguros,2020-01,2025-12,72,72,280111.35,179063.75,0.26,63.93
Rigel,2020-01,2020-12,12,3,20.54,4.37,0.0,21.25
Coface Seguros,2020-01,2020-12,12,1,-104.32,-41.99,0.0,
Total mercado,2020-01,2025-12,72,1254,109802740.19,27441557.9,100.0,24.99
