id_empresa,nombre_inicial_sbs,nombre_final_sbs,nombres_sbs_en_trayectoria,primer_periodo,ultimo_periodo,meses_presente,meses_en_su_rango,meses_faltantes_en_su_rango,tipo_evento_identidad,periodo_evento,evidencia_sbs
E001,AVLA Perú,AVLA Perú,AVLA Perú,2020-01,2025-12,72,72,0,,,
E002,Cardif,Cardif,Cardif,2020-01,2025-12,72,72,0,,,
E003,Chubb Seguros,Chubb Seguros,Chubb Seguros,2020-01,2025-12,72,72,0,,,
E004,Coface Seguros,Coface Seguros,Coface Seguros,2020-01,2020-12,12,12,0,,,
E005,Crecer Seguros,Crecer Seguros,Crecer Seguros,2020-01,2025-12,72,72,0,,,
E006,Insur,Insur,Insur,2020-01,2025-12,72,72,0,,,
E007,Interseguro,Interseguro,Interseguro,2020-01,2025-12,72,72,0,,,
E008,La Positiva,La Positiva,La Positiva,2020-01,2025-12,72,72,0,,,
E009,La Positiva Vida,La Positiva Vida,La Positiva Vida,2020-01,2025-12,72,72,0,,,
E010,Liberty Seguros,Liberty Seguros,Liberty Seguros,2020-01,2025-12,72,72,0,,,
E011,Mapfre Perú,Mapfre Perú,Mapfre Perú,2020-01,2022-05,29,29,0,,,
E012,Mapfre Perú Vida,Mapfre Perú,Mapfre Perú Vida -> Mapfre Perú,2020-01,2025-12,72,72,0,fusion_absorcion,2022-06,"(1) Las cifras de Mapfre Perú consideran los flujos de Mapfre Perú Vida, para el periodo previo a la fusión."
E013,Ohio National Vida,AuguStar,Ohio National Vida -> AuguStar,2020-01,2025-12,72,72,0,cambio_de_denominacion,2025-11,"Mediante Resolución SBS N° 04016-2025 (10/11/2025), se autorizó el cambio de denominación social de Ohio National Seguros de Vida y Reaseguros S.A. a AuguStar Seguros y Reaseguros S.A."
E014,Pacífico Seguros,Pacífico Seguros,Pacífico Seguros,2020-01,2025-12,72,72,0,,,
E015,Protecta,Protecta,Protecta,2020-01,2025-12,72,72,0,,,
E016,Qualitas,Qualitas,Qualitas,2020-01,2023-09,45,45,0,,,
E017,Rigel,Rigel,Rigel,2020-01,2020-12,12,12,0,,,
E018,Rímac,Rímac,Rímac,2020-01,2025-12,72,72,0,,,
E019,Secrex,Cesce Perú,Secrex -> Cesce Perú,2020-01,2025-12,72,72,0,cambio_de_denominacion,2025-05,"Mediante Resolución SBS N° 01822-2025 (20/05/2025), se autorizó el cambio de denominación social de Secrex Compañía de Seguros de Crédito y Garantías a Cesce Perú S.A. || Mediante Resolución SBS N° 1822-2025 (20/05/2025), se autorizó el cambio de denominación social de Secrex Compañía de Seguros de Crédito y Garantías a Cesce Perú S.A."
E020,Vida Cámara,Vivir Seguros,Vida Cámara -> Vivir Seguros,2020-01,2025-12,72,72,0,cambio_de_denominacion,2021-01,"Mediante Resolución SBS N° 278-2021 (28/01/2021), se autorizó el cambio de denominación social de Compañía de Seguros de Vida Cámara S.A. a Vivir Seguros Compañía de Seguros de Vida S.A."
E021,Quálitas,Quálitas,Quálitas,2023-10,2025-12,27,27,0,,,
