codigo_serie,periodo_bcrp,valor
PN31883GM,Ene.2020,2579.54736328125
PN31883GM,Feb.2020,2684.38696289063
PN31883GM,Mar.2020,3197.23901367188
PN31883GM,Abr.2020,2519.56274414063
PN31883GM,May.2020,2345.6494140625
PN31883GM,Jun.2020,2360.65087890625
PN31883GM,Jul.2020,3773.14672851563
PN31883GM,Ago.2020,2380.94482421875
PN31883GM,Sep.2020,2445.11083984375
PN31883GM,Oct.2020,2421.10717773438
PN31883GM,Nov.2020,2434.41064453125
PN31883GM,Dic.2020,4193.69287109375
PN31883GM,Ene.2021,2628.59399414063
PN31883GM,Feb.2021,2693.62426757813
PN31883GM,Mar.2021,3294.46362304688
PN31883GM,Abr.2021,2720.33056640625
PN31883GM,May.2021,2688.38525390625
PN31883GM,Jun.2021,2684.09814453125
PN31883GM,Jul.2021,4048.88623046875
PN31883GM,Ago.2021,2547.84838867188
PN31883GM,Sep.2021,2605.62280273438
PN31883GM,Oct.2021,2559.10009765625
PN31883GM,Nov.2021,2650.8583984375
PN31883GM,Dic.2021,4369.076171875
PN31883GM,Ene.2022,2705.2421875
PN31883GM,Feb.2022,2838.45092773438
PN31883GM,Mar.2022,3935.51123046875
PN31883GM,Abr.2022,2773.88842773438
PN31883GM,May.2022,2741.04907226563
PN31883GM,Jun.2022,2748.45434570313
PN31883GM,Jul.2022,4209.76171875
PN31883GM,Ago.2022,2697.88232421875
PN31883GM,Sep.2022,2729.15844726563
PN31883GM,Oct.2022,2658.61010742188
PN31883GM,Nov.2022,2718.44311523438
PN31883GM,Dic.2022,4473.38916015625
PN31883GM,Ene.2023,2813.17358398438
PN31883GM,Feb.2023,2964.2802734375
PN31883GM,Mar.2023,3931.78784179688
PN31883GM,Abr.2023,2920.15673828125
PN31883GM,May.2023,2805.0537109375
PN31883GM,Jun.2023,2835.70703125
PN31883GM,Jul.2023,4369.12158203125
PN31883GM,Ago.2023,2808.22387695313
PN31883GM,Sep.2023,2851.333984375
PN31883GM,Oct.2023,2823.048828125
PN31883GM,Nov.2023,2933.12524414063
PN31883GM,Dic.2023,4701.77099609375
PN31883GM,Ene.2024,3021.89868164063
PN31883GM,Feb.2024,3120.77758789063
PN31883GM,Mar.2024,4027.67236328125
PN31883GM,Abr.2024,3079.103515625
PN31883GM,May.2024,3017.8984375
PN31883GM,Jun.2024,3047.42700195313
PN31883GM,Jul.2024,4576.68505859375
PN31883GM,Ago.2024,2959.67260742188
PN31883GM,Sep.2024,2947.73193359375
PN31883GM,Oct.2024,2950.953125
PN31883GM,Nov.2024,2970.69482421875
PN31883GM,Dic.2024,4880.89111328125
PN31883GM,Ene.2025,3121.32299804688
PN31883GM,Feb.2025,3270.43188476563
PN31883GM,Mar.2025,4209.7021484375
PN31883GM,Abr.2025,3174.904296875
PN31883GM,May.2025,3116.68823242188
PN31883GM,Jun.2025,3135.40771484375
PN31883GM,Jul.2025,4760.7177734375
PN31883GM,Ago.2025,3079.41528320313
PN31883GM,Sep.2025,3113.5361328125
PN31883GM,Oct.2025,3086.61108398438
PN31883GM,Nov.2025,3102.25634765625
PN31883GM,Dic.2025,5077.4619140625
PD04722MM,Ene.2020,2.25
PD04722MM,Feb.2020,2.25
PD04722MM,Mar.2020,1.25
PD04722MM,Abr.2020,0.25
PD04722MM,May.2020,0.25
PD04722MM,Jun.2020,0.25
PD04722MM,Jul.2020,0.25
PD04722MM,Ago.2020,0.25
PD04722MM,Sep.2020,0.25
PD04722MM,Oct.2020,0.25
PD04722MM,Nov.2020,0.25
PD04722MM,Dic.2020,0.25
PD04722MM,Ene.2021,0.25
PD04722MM,Feb.2021,0.25
PD04722MM,Mar.2021,0.25
PD04722MM,Abr.2021,0.25
PD04722MM,May.2021,0.25
PD04722MM,Jun.2021,0.25
PD04722MM,Jul.2021,0.25
PD04722MM,Ago.2021,0.5
PD04722MM,Sep.2021,1
PD04722MM,Oct.2021,1.5
PD04722MM,Nov.2021,2
PD04722MM,Dic.2021,2.5
PD04722MM,Ene.2022,3
PD04722MM,Feb.2022,3.5
PD04722MM,Mar.2022,4
PD04722MM,Abr.2022,4.5
PD04722MM,May.2022,5
PD04722MM,Jun.2022,5.5
PD04722MM,Jul.2022,6
PD04722MM,Ago.2022,6.5
PD04722MM,Sep.2022,6.75
PD04722MM,Oct.2022,7
PD04722MM,Nov.2022,7.25
PD04722MM,Dic.2022,7.5
PD04722MM,Ene.2023,7.75
PD04722MM,Feb.2023,7.75
PD04722MM,Mar.2023,7.75
PD04722MM,Abr.2023,7.75
PD04722MM,May.2023,7.75
PD04722MM,Jun.2023,7.75
PD04722MM,Jul.2023,7.75
PD04722MM,Ago.2023,7.75
PD04722MM,Sep.2023,7.5
PD04722MM,Oct.2023,7.25
PD04722MM,Nov.2023,7
PD04722MM,Dic.2023,6.75
PD04722MM,Ene.2024,6.5
PD04722MM,Feb.2024,6.25
PD04722MM,Mar.2024,6.25
PD04722MM,Abr.2024,6
PD04722MM,May.2024,5.75
PD04722MM,Jun.2024,5.75
PD04722MM,Jul.2024,5.75
PD04722MM,Ago.2024,5.5
PD04722MM,Sep.2024,5.25
PD04722MM,Oct.2024,5.25
PD04722MM,Nov.2024,5
PD04722MM,Dic.2024,5
PD04722MM,Ene.2025,4.75
PD04722MM,Feb.2025,4.75
PD04722MM,Mar.2025,4.75
PD04722MM,Abr.2025,4.75
PD04722MM,May.2025,4.5
PD04722MM,Jun.2025,4.5
PD04722MM,Jul.2025,4.5
PD04722MM,Ago.2025,4.5
PD04722MM,Sep.2025,4.25
PD04722MM,Oct.2025,4.25
PD04722MM,Nov.2025,4.25
PD04722MM,Dic.2025,4.25
PN38705PM,Ene.2020,92.1895712817569
PN38705PM,Feb.2020,92.3206390707161
PN38705PM,Mar.2020,92.9170303880033
PN38705PM,Abr.2020,93.0142055130683
PN38705PM,May.2020,93.204097335048
PN38705PM,Jun.2020,92.9560841633195
PN38705PM,Jul.2020,93.3861811793687
PN38705PM,Ago.2020,93.2832332195989
PN38705PM,Sep.2020,93.4104286127018
PN38705PM,Oct.2020,93.4260987274024
PN38705PM,Nov.2020,93.9123624949692
PN38705PM,Dic.2020,93.9581285619732
PN38705PM,Ene.2021,94.6561451002628
PN38705PM,Feb.2021,94.5375735473133
PN38705PM,Mar.2021,95.3311869507106
PN38705PM,Abr.2021,95.2313830125361
PN38705PM,May.2021,95.4852294275117
PN38705PM,Jun.2021,95.9814390796482
PN38705PM,Jul.2021,96.948489573628
PN38705PM,Ago.2021,97.9033694822447
PN38705PM,Sep.2021,98.2953966184284
PN38705PM,Oct.2021,98.8691125131803
PN38705PM,Nov.2021,99.2232454403164
PN38705PM,Dic.2021,100
PN38705PM,Ene.2022,100.037268
PN38705PM,Feb.2022,100.34884
PN38705PM,Mar.2022,101.836672
PN38705PM,Abr.2022,102.816232
PN38705PM,May.2022,103.211072
PN38705PM,Jun.2022,104.439931
PN38705PM,Jul.2022,105.422597
PN38705PM,Ago.2022,106.125283
PN38705PM,Sep.2022,106.679849
PN38705PM,Oct.2022,107.050724
PN38705PM,Nov.2022,107.604861
PN38705PM,Dic.2022,108.459162
PN38705PM,Ene.2023,108.704764
PN38705PM,Feb.2023,109.024924
PN38705PM,Mar.2023,110.391537
PN38705PM,Abr.2023,111.005592
PN38705PM,May.2023,111.358436
PN38705PM,Jun.2023,111.188314
PN38705PM,Jul.2023,111.623134
PN38705PM,Ago.2023,112.042985
PN38705PM,Sep.2023,112.061363
PN38705PM,Oct.2023,111.700024
PN38705PM,Nov.2023,111.517885
PN38705PM,Dic.2023,111.9704
PN38705PM,Ene.2024,111.991911
PN38705PM,Feb.2024,112.616278
PN38705PM,Mar.2024,113.75301
PN38705PM,Abr.2024,113.694232
PN38705PM,May.2024,113.591104
PN38705PM,Jun.2024,113.729392
PN38705PM,Jul.2024,113.998099
PN38705PM,Ago.2024,114.322048
PN38705PM,Sep.2024,114.050464
PN38705PM,Oct.2024,113.944279
PN38705PM,Nov.2024,114.051561
PN38705PM,Dic.2024,114.172077
PN38705PM,Ene.2025,114.065534
PN38705PM,Feb.2025,114.279991
PN38705PM,Mar.2025,115.205841
PN38705PM,Abr.2025,115.572272
PN38705PM,May.2025,115.507003
PN38705PM,Jun.2025,115.655637
PN38705PM,Jul.2025,115.9233
PN38705PM,Ago.2025,115.586828
PN38705PM,Sep.2025,115.599718
PN38705PM,Oct.2025,115.484549
PN38705PM,Nov.2025,115.612485
PN38705PM,Dic.2025,115.894705
